ITEM, PROFIT, LIMIT, ALCH VALUE, GE VALUE
Green dragon mask, 2285, -1, 6000, 3500,
Rune plateskirt (g), 1948, 70, 38400, 36237,
Mystic lava staff, 1785, 6, 27000, 25000,
Red dragon mask, 855, -1, 6000, 4930,
Bandos plateskirt, 785, -1, 38400, 37400,
Torag's hammers, 785, 15, 96000, 95000,
Rune platelegs, 773, 70, 38400, 37412,
Rune plateskirt (t), 685, 70, 38400, 37500,
Black d'hide body, 613, 70, 8088, 7260,
Red d'hide body, 523, 70, 6738, 6000,
Mithril sq shield, 421, -1, 936, 300,
Dragon plateskirt, 378, -1, 162000, 161407,
Dragon halberd, 345, 70, 150000, 149440,
Dragon longsword, 330, 70, 60000, 59455,
Lava battlestaff, 293, 8, 10200, 9692,
Dragon platelegs, 268, -1, 162000, 161517,
Rune chainbody, 257, 70, 30000, 29528,
Skeletal top, 241, -1, 27000, 26544,
Rune spear, 225, 70, 12480, 12040,
Rune sq shield, 221, 70, 23040, 22604,
Dragon med helm, 210, 8, 60000, 59575,
Blue d'hide body, 208, 125, 5616, 5193,
Dragon battleaxe, 194, 70, 120000, 119591,
Rune full helm, 192, 70, 21120, 20713,
Mystic water staff, 182, -1, 25550, 25153,
Rune platebody, 172, 70, 39000, 38613,
Rune longsword, 170, 70, 19200, 18815,
Rune battleaxe, 169, 70, 24960, 24576,
Rune plateskirt, 163, 70, 38400, 38022,
Green d'hide body, 162, 125, 4680, 4303,
Adamant platebody, 161, 125, 9984, 9608,
Dragon dagger, 127, 70, 18000, 17658,
White elegant skirt, 120, -1, 1200, 865,
Rune axe, 112, 40, 7680, 7353,
Rune med helm, 110, 70, 11520, 11195,
Adamant longsword, 97, -1, 1920, 1608,
Blue d'hide vamb, 96, 125, 1800, 1489,
Black 2h sword, 95, -1, 1152, 842,
Mithril platebody, 93, 125, 3120, 2812,
Combat bracelet, 87, -1, 12624, 12322,
Adamant full helm, 86, 125, 2112, 1811,
Splitbark gauntlets, 85, 70, 3000, 2700,
Onyx bolts (e), 84, -1, 9000, 8701,
Adamant battleaxe, 81, 125, 2496, 2200,
Leaf-bladed sword, 75, -1, 40800, 40510,
Mind helmet, 70, -1, 1800, 1515,
Air battlestaff, 68, 14000, 9300, 9017,
Adamant chainbody, 66, -1, 2880, 2599,
Iron set (sk), 64, -1, 540, 261,
Mithril platelegs, 61, 125, 1560, 1284,
Red d'hide vamb, 52, 70, 2160, 1893,
Water battlestaff, 51, 14000, 9300, 9034,
Rune pickaxe, 48, 40, 19200, 18937,
Dragon scimitar, 48, 70, 60000, 59737,
Adamant platelegs, 43, 125, 3840, 3582,
Fire battlestaff, 39, 3000, 9300, 9046,
Adamant hasta, 33, -1, 1248, 1000,
Mithril warhammer, 31, 125, 996, 750,
Adamant 2h sword, 25, -1, 3840, 3600,
Steel platebody, 22, 125, 1200, 963,
Mithril longsword, 19, -1, 780, 546,
Yew comp bow, 14, 8, 1080, 851,
Adamant sq shield, 12, 125, 2304, 2077,
Iron platebody, 6, 125, 336, 115,
Rune scimitar, 6, 70, 15360, 15139,
Rune warhammer, 5, 70, 24900, 24680,
Rock-shell legs, 5, -1, 38400, 38180,
Steel platelegs, 3, 125, 600, 382,
Mithril chainbody, 1, -1, 1170, 954,
Mithril spear, 0, 125, 507, 292,
Mithril kiteshield, -3, 125, 1326, 1114,
Snakeskin chaps, -5, 125, 705, 495,
Diamond ring, -7, -1, 2115, 1907,
Black med helm, -10, -1, 345, 140,
Steel warhammer, -11, -1, 384, 180,
Mithril sword, -12, -1, 507, 304,
Rune sword, -20, 70, 12480, 12285,
Steel plateskirt, -21, -1, 600, 406,
Diamond bracelet, -23, -1, 2295, 2103,
Magic longbow, -24, 18000, 1536, 1345,
Steel kiteshield, -25, 125, 510, 320,
Mithril scimitar, -26, -1, 624, 435,
Yew longbow, -27, 18000, 768, 580,
Adamant med helm, -35, 125, 1152, 972,
Phoenix necklace, -39, -1, 2430, 2254,
Mithril plateskirt, -46, 125, 1560, 1391,
Adamant kiteshield, -49, 125, 3264, 3098,
Green d'hide vamb, -51, 125, 1500, 1336,
Adamant sword, -53, -1, 1248, 1086,
Gold necklace, -58, 13000, 270, 113,
Steel full helm, -58, -1, 330, 173,
Studded body, -62, -1, 510, 357,
Ruby necklace, -66, -1, 1305, 1156,
Mystic gloves, -69, -1, 6000, 5854,
Gold bracelet, -77, 13000, 330, 192,
Steel med helm, -78, -1, 180, 43,
Mithril dagger, -78, -1, 195, 58,
Yew shortbow, -79, -1, 480, 344,
Studded chaps, -80, -1, 450, 315,
Maple longbow, -81, 14000, 384, 250,
Steel boots, -82, -1, 180, 47,
Blue d'hide chaps, -82, 125, 2592, 2459,
Black full helm, -88, -1, 633, 506,
Rune boots, -101, 70, 7500, 7386,
Magic shortbow, -104, 5000, 960, 849,
Adamant boots, -105, -1, 1152, 1042,
Iron plateskirt, -105, -1, 168, 58,
Magic staff, -106, -1, 110, 1,
Mithril full helm, -107, 125, 858, 750,
Mithril axe, -109, 40, 312, 206,
Gold ring, -110, -1, 210, 105,
Rune dagger, -115, 70, 4800, 4700,
Gold amulet (u), -117, 18000, 210, 112,
Gold bar, -118, 10000, 180, 83,
Gold amulet, -118, 18000, 210, 113,
Hardleather body, -121, 125, 102, 8,
Ruby ring, -121, -1, 1215, 1121,
Blue d'hide chaps (g), -128, 125, 2592, 2505,
Adamant scimitar, -129, -1, 1536, 1450,
Rune javelin, -130, 11000, 240, 155,
Adamant axe, -133, 40, 768, 686,
Ring of life, -134, -1, 2115, 2034,
Steel longsword, -135, -1, 300, 220,
Coif, -137, 125, 120, 42,
Iron axe, -138, 40, 120, 43,
Redberry pie, -141, -1, 90, 16,
Jug of wine, -143, 6000, 76, 4,
Snakeskin bandana, -144, -1, 180, 109,
Spice, -146, -1, 138, 69,
Rune halberd, -146, 70, 38400, 38331,
Mithril 2h sword, -155, 125, 1560, 1500,
Air tiara, -156, -1, 60, 1,
Yew longbow (u), -156, 10000, 384, 325,
Rune thrownaxe, -157, 70, 264, 206,
Ruby amulet, -159, -1, 1215, 1159,
Admiral pie, -159, -1, 186, 130,
Emerald ring, -160, -1, 765, 710,
Blue d'hide chaps (t), -161, 125, 2592, 2538,
Cooked chompy, -162, -1, 78, 25,
Maple logs, -175, 15000, 48, 8,
Teak stock, -175, -1, 46, 6,
Mystic robe top, -176, -1, 72000, 71961,
Steel axe, -177, 40, 120, 82,
Silver sickle, -179, -1, 105, 69,
Soul rune, -182, 10000, 180, 147,
Maple shortbow, -183, -1, 240, 208,
Lantern lens, -183, 10000, 42, 10,
Iron sword, -184, -1, 54, 23,
Oak longbow, -186, 14000, 96, 67,
Mystic robe bottom, -188, -1, 48000, 47973,
Iron med helm, -190, -1, 50, 25,
Raw salmon, -198, -1, 55, 38,
Raw tuna, -198, 15000, 60, 43,
Iron dagger, -200, -1, 21, 6,
Teasing stick, -200, -1, 30, 15,
Emerald amulet, -200, -1, 765, 750,
Willow shortbow, -201, -1, 120, 106,
Tuna, -201, 6000, 72, 58,
Watermelon, -202, 11000, 28, 15,
Amulet of strength, -202, 125, 1215, 1202,
Leather cowl, -203, -1, 14, 2,
Ham shirt, -203, -1, 45, 33,
Snakeskin, -204, -1, 30, 19,
Mithril arrow, -204, 7000, 45, 34,
Willow logs, -205, 15000, 24, 14,
Iron arrowtips, -205, 20000, 15, 5,
Mithril seeds, -206, -1, 120, 111,
Butterfly net, -208, 125, 12, 5,
Herring, -210, -1, 9, 4,
Iron nails, -210, 13000, 19, 14,
Shortbow, -211, -1, 30, 26,
Leather chaps, -212, 125, 12, 9,
Bronze chainbody, -212, -1, 36, 33,
Vial of water, -213, 13000, 6, 4,
Sardine, -213, -1, 6, 4,
Feather, -214, 13000, 3, 2,
Dust rune, -214, 12000, 4, 3,
Flax, -214, 13000, 3, 2,
Iron knife, -214, 7000, 34, 33,
Steel dart, -214, 7000, 6, 5,
Pearl bolts (e), -214, -1, 9, 8,
Iron pickaxe, -214, 40, 84, 83,
Guam tar, -215, -1, 1, 1,
Bronze arrow, -215, 7000, 4, 4,
Pure essence, -215, 20000, 2, 2,
Binding necklace, -215, 125, 855, 855,
Fire rune, -216, 20000, 3, 4,
Vial, -216, 13000, 1, 2,
Air rune, -216, 20000, 3, 4,
Earth rune, -216, 20000, 3, 4,
Bronze bolts, -216, -1, 1, 2,
Bird snare, -216, 250, 3, 4,
Glassblowing pipe, -216, -1, 9, 10,
Lava rune, -217, 12000, 4, 6,
Mind rune, -217, 12000, 1, 3,
Mithril dart, -217, 7000, 15, 17,
Adamant spear, -217, -1, 1248, 1250,
Fishing bait, -218, 8000, 1, 4,
Iron arrow, -218, 7000, 2, 5,
Empty cup, -218, -1, 1, 4,
Silk, -219, -1, 18, 22,
Eye of newt, -219, 13000, 1, 5,
Thread, -219, 7000, 2, 6,
Bucket, -219, 13000, 1, 5,
Bullseye lantern (empty), -219, -1, 180, 184,
Leather gloves, -220, -1, 3, 8,
Bronze full helm, -220, -1, 25, 30,
Bone bolts, -221, 11000, 2, 8,
Longbow, -222, 14000, 48, 55,
Raw trout, -222, 15000, 12, 19,
Oak shortbow, -222, -1, 60, 67,
Iron dart, -223, 7000, 1, 9,
Cup of tea, -224, -1, 6, 15,
Trout, -224, 6000, 12, 21,
Steel spear, -224, -1, 195, 204,
Bronze nails, -226, -1, 4, 15,
Leather body, -226, -1, 12, 23,
Iron full helm, -226, -1, 92, 103,
Bronze scimitar, -226, -1, 19, 30,
Bronze med helm, -227, -1, 14, 26,
Rune essence, -227, 20000, 2, 14,
Oak logs, -227, 15000, 12, 24,
Bucket of water, -227, 13000, 3, 15,
Bronze sword, -228, -1, 15, 28,
Fishing rod, -230, -1, 3, 18,
Skewer stick, -231, -1, 6, 22,
Logs, -231, 14000, 2, 18,
Compost, -231, 600, 12, 28,
Cake tin, -232, -1, 6, 23,
Raw shrimps, -234, 15000, 3, 22,
Bag of salt, -234, -1, 6, 25,
Steel nails, -234, 13000, 2, 21,
Salmon, -234, 6000, 30, 49,
Onion, -235, -1, 7, 27,
Raw lobster, -235, 10000, 90, 110,
Marrentill, -236, 11000, 3, 24,
Bronze platelegs, -236, -1, 48, 69,
Shrimps, -237, 6000, 3, 25,
Lobster, -237, 6000, 90, 112,
Bucket of milk, -238, -1, 7, 30,
Guam leaf, -238, 11000, 1, 24,
Raw beef, -238, 13000, 35, 58,
Granite shield, -238, -1, 33600, 33623,
Raw rat meat, -239, -1, 23, 47,
Grain, -239, -1, 1, 25,
Bronze kiteshield, -239, -1, 41, 65,
Beer glass, -239, -1, 1, 25,
Steel arrow, -240, 7000, 7, 32,
Diamond amulet, -240, -1, 2115, 2140,
Leather vambraces, -241, -1, 10, 36,
Box trap, -241, -1, 18, 44,
Mystic fire staff, -241, -1, 25500, 25526,
Steel arrowtips, -242, 10000, 3, 30,
Ashes, -242, -1, 1, 28,
Redberries, -242, -1, 1, 28,
Garlic, -243, -1, 1, 29,
Broad bolts, -245, 7000, 30, 60,
Kebab, -245, -1, 1, 31,
Steel bolts, -246, -1, 4, 35,
Leather boots, -247, -1, 3, 35,
Black knife, -247, -1, 11, 43,
Mithril nails, -248, -1, 10, 43,
Silver ore, -248, 13000, 45, 78,
Cooked meat, -249, -1, 18, 52,
Ball of wool, -249, 13000, 1, 35,
Rope, -250, 250, 10, 45,
Small fishing net, -250, -1, 3, 38,
Bowl, -251, -1, 2, 38,
Marrentill potion (unf), -252, -1, 3, 40,
Bronze 2h sword, -252, -1, 48, 85,
Fly fishing rod, -252, -1, 3, 40,
Bolt rack, -254, 11000, 30, 69,
Spade, -254, -1, 1, 40,
Tin ore, -255, 13000, 12, 52,
Bowl of water, -255, -1, 2, 42,
Pink skirt, -255, -1, 1, 41,
Steel dart tip, -256, 13000, 3, 44,
Tomato, -258, -1, 8, 51,
Iron platelegs, -258, 125, 168, 211,
Raw herring, -260, -1, 9, 54,
Chaos rune, -260, 12000, 54, 99,
Cadava berries, -261, -1, 1, 47,
Bucket of sand, -262, 13000, 1, 48,
Chocolate bar, -263, -1, 12, 60,
Iron scimitar, -263, -1, 67, 115,
Steel chainbody, -263, -1, 450, 498,
Cheese, -265, -1, 4, 54,
Bronze axe, -265, 40, 9, 59,
Curry leaf, -266, -1, 11, 62,
Hammer, -267, 40, 1, 53,
Snape grass, -268, 13000, 6, 59,
Beer, -268, 4000, 1, 54,
Egg, -268, -1, 2, 55,
Kebbit bolts, -268, -1, 10, 63,
Sapphire amulet, -269, -1, 540, 594,
Meat pie, -270, -1, 9, 64,
Raw pike, -272, -1, 15, 72,
Law rune, -272, 12000, 144, 201,
Mithril crossbow (u), -272, -1, 450, 507,
Mithril bolts, -274, 7000, 12, 71,
Anti-dragon shield, -274, 125, 12, 71,
Dwellberries, -275, -1, 2, 62,
Orange, -277, -1, 42, 104,
Poison ivy berries, -277, -1, 39, 101,
Soda ash, -278, 13000, 1, 64,
Pie dish, -278, 50, 1, 64,
Bass, -278, -1, 72, 135,
Chisel, -279, -1, 1, 65,
Initiate hauberk, -280, -1, 6000, 6065,
Tiara mould, -280, -1, 60, 125,
Soft clay, -280, 13000, 1, 66,
Chocolate dust, -281, 13000, 12, 78,
Brown apron, -282, -1, 1, 68,
Noose wand, -283, -1, 2, 70,
Magic box, -283, -1, 432, 500,
Pottery scarab, -283, -1, 6, 74,
Iron ore, -284, 13000, 10, 79,
Red salamander, -285, -1, 90, 160,
Bow string, -285, 13000, 6, 76,
Knife, -287, -1, 15, 87,
Silver bar, -288, 10000, 90, 163,
Amulet mould, -289, -1, 3, 77,
Iron chainbody, -289, -1, 126, 200,
Bread, -294, -1, 14, 93,
Pot of cream, -295, -1, 11, 91,
Mithril ore, -295, 13000, 97, 177,
Cake, -296, -1, 30, 111,
Asgarnian ale, -296, -1, 1, 82,
Adamant dart, -300, 11000, 39, 124,
Cosmic rune, -301, 12000, 30, 116,
Wooden shield, -303, -1, 12, 100,
Limestone, -304, -1, 6, 95,
Weapon poison, -306, -1, 86, 177,
Staff, -307, -1, 8, 100,
Pottery statuette, -308, -1, 6, 99,
Guam potion (unf), -309, 10000, 1, 95,
Steel scimitar, -309, 125, 240, 334,
Air talisman, -311, -1, 2, 98,
Raw swordfish, -312, 15000, 120, 217,
Bandos crozier, -312, -1, 3000, 3097,
White apron, -313, -1, 1, 99,
Swordfish, -313, 6000, 120, 218,
Anchovies, -314, -1, 9, 108,
Red spiders' eggs, -315, -1, 4, 104,
Nature rune, -315, 12000, 108, 208,
Goblin mail, -315, 15, 24, 124,
Unpowered orb, -317, 10000, 60, 162,
Death rune, -320, 10000, 108, 213,
Harpoon, -320, -1, 27, 132,
Emerald bolts, -321, -1, 31, 137,
Snakeskin boots, -322, 700, 150, 257,
Adamantite nails, -323, -1, 27, 135,
Banana, -324, 13000, 1, 110,
Coal, -324, 13000, 27, 136,
Emerald bolts (e), -325, -1, 35, 145,
Mithril brutal, -325, -1, 30, 140,
Amulet of power, -326, 125, 2115, 2226,
Mist rune, -329, 12000, 4, 118,
Tarromin, -330, 13000, 6, 121,
Mith crossbow, -334, -1, 469, 588,
Iron bar, -335, 10000, 16, 136,
Mithril knife, -338, 7000, 16, 139,
Tiara, -339, -1, 60, 184,
Blood rune, -341, 10000, 240, 366,
Dragon scale dust, -344, 13000, 31, 160,
Astral rune, -347, 10000, 30, 162,
Strawberry, -349, -1, 10, 144,
Iron brutal, -349, -1, 6, 140,
Bowl of hot water, -349, -1, 6, 140,
Pizza base, -351, -1, 2, 138,
Bronze bar, -352, -1, 4, 141,
Stone seal, -352, -1, 12, 149,
Bronze wire, -353, -1, 12, 150,
Ruby bolts (e), -353, 11000, 82, 220,
Cowhide, -355, 10000, 1, 141,
Yew logs, -356, 12000, 96, 237,
Raw bear meat, -358, -1, 4, 147,
Pineapple, -358, -1, 1, 144,
Cooked rabbit, -358, -1, 11, 154,
Fire tiara, -359, -1, 60, 204,
Mystic air staff, -363, -1, 25500, 25648,
Wizard's mind bomb, -364, -1, 1, 150,
Sapphire ring, -365, -1, 540, 690,
Plant cure, -367, -1, 24, 176,
Molten glass, -369, 13000, 1, 155,
Black boots, -370, -1, 345, 500,
Zulrah's scales, -370, 30000, 12, 167,
Stone scarab, -377, -1, 12, 174,
Bone spear, -377, 50, 360, 522,
Monkey nuts, -384, -1, 1, 170,
Adamant bolts, -386, 11000, 34, 205,
Amulet of magic, -386, 125, 540, 711,
Teak logs, -389, 13000, 18, 192,
Fremennik boots, -389, -1, 300, 474,
Raw monkfish, -390, 13000, 138, 313,
Stew, -391, 10000, 60, 236,
Yellow dye, -391, -1, 3, 179,
Uncut opal, -394, 10000, 12, 191,
Opal, -394, 13000, 60, 239,
Plank, -395, 13000, 60, 240,
Watering can, -396, 40, 4, 185,
Gardening trowel, -398, -1, 7, 190,
Adamant dart tip, -401, 11000, 21, 207,
Lobster pot, -401, -1, 12, 198,
Stone statuette, -402, -1, 12, 199,
Secateurs, -402, -1, 3, 190,
Ogre arrow, -402, 7000, 15, 202,
Tarromin potion (unf), -403, 2000, 6, 194,
Holy symbol, -403, -1, 120, 308,
Rune knife, -404, 7000, 100, 289,
Unicorn horn, -406, 13000, 12, 203,
Raw cod, -410, -1, 15, 210,
Premade blurb' sp., -412, -1, 18, 215,
Vodka, -412, -1, 3, 200,
Edible seaweed, -413, -1, 1, 199,
Blue dye, -414, -1, 3, 202,
Diamond bolts (e), -415, 11000, 126, 326,
Limestone brick, -423, -1, 12, 220,
Lockpick, -425, -1, 12, 222,
Necklace mould, -428, -1, 3, 216,
Earmuffs, -430, -1, 120, 335,
Red dye, -431, -1, 3, 219,
Iron kiteshield, -434, -1, 143, 362,
Candle, -436, -1, 1, 222,
Charcoal, -436, -1, 27, 248,
Ham hood, -439, -1, 45, 269,
Bronze crossbow, -445, -1, 43, 273,
Skills necklace, -446, -1, 12120, 12351,
Mithril boots, -448, -1, 468, 701,
Emerald, -454, 3000, 300, 539,
Equa leaves, -456, -1, 1, 242,
Dragon mace, -464, 70, 30000, 30249,
Snakeskin body, -465, -1, 750, 1000,
Monkfish, -465, 13000, 138, 388,
Pirate boots, -466, -1, 210, 461,
Runite bolts, -468, 11000, 180, 433,
Nasturtiums, -469, -1, 2, 256,
Mahogany logs, -477, 11000, 30, 292,
Black battleaxe, -478, -1, 748, 1011,
Steel bar, -485, 10000, 60, 330,
Insulated boots, -487, -1, 120, 392,
Diamond bolts, -487, 11000, 115, 387,
Dragon arrow, -488, 11000, 480, 753,
Earth talisman, -493, -1, 2, 280,
Unicorn horn dust, -493, -1, 12, 290,
Mud rune, -495, 12000, 4, 284,
Ham robe, -500, -1, 45, 330,
Gold ore, -501, 13000, 90, 376,
Oak plank, -505, 13000, 150, 440,
Grey wolf fur, -510, -1, 30, 325,
Nose peg, -510, -1, 120, 415,
Bucket of wax, -511, -1, 3, 299,
Rake, -512, -1, 3, 300,
Pie shell, -513, -1, 2, 300,
White berries, -531, 11000, 6, 322,
Black salamander, -543, -1, 120, 448,
Raw karambwan, -544, 13000, 150, 479,
Jungle camo top, -544, -1, 12, 341,
Orange dye, -552, -1, 3, 340,
Greenman's ale, -556, -1, 1, 342,
Potato with cheese, -562, -1, 4, 351,
Bracelet mould, -562, -1, 3, 350,
Black platelegs, -562, -1, 1152, 1499,
Magic shortbow (u), -567, -1, 480, 832,
Magic longbow (u), -572, 10000, 768, 1125,
Desert boots, -578, -1, 12, 375,
Red d'hide body (g), -585, 125, 6738, 7108,
Dragon spear, -585, 70, 37440, 37810,
Opal machete, -586, -1, 300, 671,
Adamant knife, -587, -1, 40, 412,
Purple dye, -587, -1, 3, 375,
Ruby bolt tips, -588, 11000, 40, 413,
Papyrus, -592, -1, 6, 383,
Sapphire, -593, 10000, 150, 528,
Ring of recoil, -605, 10000, 540, 930,
Adamant kiteshield (t), -613, -1, 3264, 3662,
Mystic boots, -619, -1, 6000, 6404,
Iron spit, -627, -1, 38, 450,
Big fishing net, -628, -1, 12, 425,
Ruby, -651, 10000, 600, 1036,
Chaos talisman, -653, -1, 2, 440,
Supercompost, -653, 600, 51, 489,
Mos le'harmless teleport, -653, 1000, 6, 444,
Rune crossbow, -660, 70, 9720, 10165,
Mithril bar, -661, 10000, 180, 626,
Monkey bones, -666, -1, 1, 452,
Cooked karambwan, -669, 10000, 150, 604,
Rune claws, -674, 70, 7200, 7659,
Iron set (lg), -675, -1, 540, 1000,
Green dye, -677, -1, 3, 465,
Brass key, -687, -1, 1, 473,
Goat horn dust, -706, -1, 7, 498,
Steel pickaxe, -706, 40, 300, 791,
Anchovy pizza, -715, -1, 36, 536,
Staff of earth, -715, -1, 900, 1400,
Split log, -716, -1, 54, 555,
Chef's hat, -726, 150, 1, 512,
Raw shark, -733, 15000, 180, 698,
Wild pie, -742, -1, 108, 635,
Raw bass, -748, -1, 72, 605,
Fez, -749, -1, 12, 546,
Raw sea turtle, -750, -1, 300, 835,
Adamant crossbow, -756, 40, 1060, 1601,
Teak plank, -769, 13000, 300, 854,
Pineapple pizza, -782, -1, 60, 627,
Onyx bolts, -785, -1, 8179, 8749,
Clockwork, -797, -1, 300, 882,
Black platebody, -801, -1, 2304, 2890,
Snakeskin vambraces, -805, -1, 260, 850,
Copper ore, -808, 13000, 1, 594,
Seed dibber, -812, -1, 3, 600,
Harralander, -815, 12000, 12, 612,
Dwarf weed potion (unf), -822, 2000, 35, 642,
Blue wizard hat, -823, -1, 1, 609,
Spiny helmet, -825, -1, 390, 1000,
Granite legs, -836, -1, 39600, 40221,
Staff of fire, -851, -1, 900, 1536,
Shark, -855, 10000, 180, 820,
Steel set (lg), -875, -1, 840, 1500,
Adamant plateskirt, -875, 125, 3840, 4500,
Druid's robe top, -881, -1, 24, 690,
Bolt of cloth, -888, -1, 300, 973,
Uncut sapphire, -893, 10000, 15, 693,
Pest control teleport, -903, -1, 6, 694,
Raw cave eel, -906, -1, 9, 700,
Polar kebbit fur, -908, -1, 7, 700,
Pestle and mortar, -911, -1, 2, 698,
Rock hammer, -915, -1, 300, 1000,
Dragon bolts, -918, 11000, 580, 1283,
Saw, -925, -1, 6, 716,
Monkey bar, -933, -1, 30, 748,
Harralander potion (unf), -933, -1, 12, 730,
Black chainbody, -941, -1, 864, 1590,
Gold seal, -946, -1, 18, 749,
Jungle camo legs, -954, -1, 12, 751,
Sea turtle, -955, -1, 300, 1040,
Dragonstone bracelet, -959, -1, 11475, 12219,
Achey tree logs, -963, -1, 2, 750,
Irit leaf, -982, 2000, 24, 791,
Ugthanki kebab, -1003, -1, 12, 800,
Diamond, -1007, 10000, 1200, 1992,
Black spiky vambs, -1011, -1, 2592, 3388,
Woven top, -1019, -1, 507, 1311,
Uncut emerald, -1053, 10000, 30, 868,
Climbing boots, -1076, 15, 7, 868,
Body talisman, -1084, -1, 2, 871,
Chinchompa, -1087, 7000, 84, 956,
Irit potion (unf), -1089, 10000, 24, 898,
Spider carcass, -1093, -1, 9, 887,
Rune dart, -1095, 11000, 210, 1090,
Bronze spear, -1098, -1, 15, 898,
Staff of air, -1099, -1, 900, 1784,
Graahk top, -1099, -1, 90, 974,
Summer pie, -1102, -1, 84, 971,
Dragon sq shield, -1114, -1, 300000, 300899,
Amylase crystal, -1120, 11000, 12, 917,
Staff of water, -1124, -1, 900, 1809,
Limpwurt root, -1128, 13000, 5, 918,
Magic logs, -1131, 12000, 192, 1108,
Earth orb, -1132, -1, 180, 1097,
Jute fibre, -1132, -1, 3, 920,
Manta ray, -1133, 10000, 300, 1218,
Papaya fruit, -1141, 11000, 38, 964,
Body tiara, -1155, -1, 60, 1000,
Cosmic tiara, -1155, -1, 60, 1000,
Air orb, -1162, 10000, 180, 1127,
Yanillian hops, -1168, -1, 4, 957,
Spotted cape, -1175, 125, 240, 1200,
Bucket of sap, -1197, -1, 18, 1000,
Amulet of defence, -1199, -1, 765, 1749,
Black bead, -1210, -1, 2, 997,
Toktz-xil-ul, -1246, -1, 150, 1181,
Green d'hide chaps, -1273, 125, 2340, 3398,
Skeletal bottoms, -1274, -1, 24000, 25059,
Comp ogre bow, -1274, -1, 108, 1167,
Yellow bead, -1283, -1, 2, 1070,
Cave goblin wire, -1303, -1, 12, 1100,
Adamantite ore, -1306, 4500, 240, 1331,
Dragon necklace, -1344, -1, 11025, 12154,
Mahogany plank, -1370, 13000, 900, 2055,
Lantadyme, -1387, 2000, 40, 1212,
Kwuarm, -1407, 13000, 32, 1224,
Cadantine, -1416, 2000, 39, 1240,
Tuna potato, -1421, -1, 67, 1273,
Red bead, -1434, -1, 2, 1221,
Rune dart tip, -1438, 11000, 21, 1244,
Bullseye lantern, -1463, -1, 252, 1500,
Amulet of accuracy, -1499, -1, 60, 1344,
Coconut, -1509, 11000, 52, 1346,
Black scimitar, -1509, -1, 460, 1754,
Red chinchompa, -1521, 7000, 96, 1402,
Black desert shirt, -1531, -1, 24, 1340,
White bead, -1549, -1, 2, 1336,
Lantadyme potion (unf), -1554, -1, 40, 1379,
Cadantine potion (unf), -1556, -1, 39, 1380,
Dragonstone ring, -1575, 100, 10575, 11935,
Vyrewatch legs, -1588, -1, 300, 1673,
Uncut ruby, -1623, 10000, 60, 1468,
Kwuarm potion (unf), -1624, 13000, 32, 1441,
Black headband, -1639, -1, 24, 1448,
Green spiky vambs, -1642, -1, 1500, 2927,
Rainbow fish, -1643, -1, 72, 1500,
Baby impling jar, -1666, -1, 30, 1481,
Ham logo, -1670, -1, 45, 1500,
Ring of wealth, -1704, -1, 10575, 12064,
Granite body, -1705, 70, 48000, 49490,
Maple pyre logs, -1723, -1, 96, 1604,
Amulet of glory, -1742, 10000, 10575, 12102,
Mirror shield, -1749, -1, 3000, 4534,
Toadflax, -1758, 12000, 28, 1571,
Black d'hide chaps, -1761, 70, 3732, 5278,
Green dragonhide, -1766, 13000, 12, 1563,
Shade robe top, -1791, -1, 24, 1600,
Frog-leather body, -1808, -1, 600, 2193,
Chef's delight, -1817, -1, 1, 1603,
Dorgeshuun crossbow, -1826, -1, 1200, 2811,
Toadflax potion (unf), -1832, 10000, 28, 1645,
Green dragon leather, -1861, 13000, 30, 1676,
Ham cloak, -1870, -1, 45, 1700,
Ring mould, -1872, -1, 3, 1660,
Dragonstone amulet, -1888, -1, 10575, 12248,
Adamantite bar, -1893, 10000, 384, 2062,
Adamant plateskirt (g), -1930, -1, 3840, 5555,
Raw manta ray, -1964, -1, 300, 2049,
Guthix page 3, -1974, -1, 120, 1879,
Bone dagger, -2015, -1, 1200, 3000,
Raw chompy, -2015, -1, 51, 1851,
Fruit blast, -2040, -1, 200, 2025,
Blue dragonhide, -2069, 13000, 24, 1878,
Barley malt, -2112, -1, 2, 1899,
Avantoe, -2126, 2000, 28, 1939,
Gloves of silence, -2155, -1, 360, 2300,
Lunar isle teleport, -2177, -1, 6, 1968,
Willow branch, -2186, -1, 1, 1972,
Blue dragon leather, -2205, 13000, 42, 2032,
Black desert robe, -2239, -1, 18, 2042,
Elemental shield, -2369, -1, 12, 2166,
Black pickaxe, -2381, 40, 87, 2253,
Willow comp bow, -2427, -1, 180, 2392,
Gadderhammer, -2433, -1, 1800, 4018,
Bagged nice tree, -2512, -1, 1200, 3497,
Vyrewatch shoes, -2524, -1, 300, 2609,
Frog-leather boots, -2590, -1, 120, 2495,
Easter egg, -2658, 50, 6, 2449,
Oil lamp, -2699, -1, 16, 2500,
Adamant platelegs (g), -2784, -1, 3840, 6409,
Adamant pickaxe, -2844, 40, 1920, 4549,
White boots, -2870, -1, 345, 3000,
Nature impling jar, -3001, -1, 30, 2816,
Dragon dart, -3024, 11000, 300, 3109,
Black chinchompa, -3025, 10000, 144, 2954,
Uncut diamond, -3033, 10000, 120, 2938,
Eclectic impling jar, -3151, -1, 30, 2966,
Super potion set, -3155, 2000, 60, 3000,
Choc saturday, -3197, -1, 18, 3000,
Blurberry special, -3197, -1, 18, 3000,
Wizard blizzard, -3197, -1, 18, 3000,
Worm hole, -3214, -1, 1, 3000,
Black set (lg), -3222, -1, 2700, 5707,
White platelegs, -3263, -1, 1152, 4200,
Black dragonhide, -3266, 10000, 48, 3099,
Bandos full helm, -3393, -1, 21120, 24298,
Dragon 2h sword, -3442, 8, 132000, 135227,
Fire talisman, -3473, -1, 2, 3260,
Black dragon leather, -3504, 11000, 48, 3337,
Rune cane, -3511, -1, 8640, 11936,
Spottier cape, -3585, -1, 480, 3850,
Uncut red topaz, -3615, -1, 24, 3424,
Frog-leather chaps, -3675, -1, 540, 4000,
Polar camo top, -3838, -1, 12, 3635,
Feldip hills teleport, -3901, -1, 6, 3692,
Iron boots, -3981, -1, 50, 3816,
Red topaz, -3994, -1, 120, 3899,
Piscatoris teleport, -4002, -1, 6, 3793,
Cat mask, -4059, -1, 1440, 5284,
Black halberd, -4063, -1, 1152, 5000,
Desert top, -4194, -1, 21, 4000,
Mithril set (lg), -4215, -1, 3000, 7000,
Battlestaff, -4426, 11000, 4200, 8411,
Mystic hat, -4537, -1, 9000, 13322,
Proselyte cuisse, -4593, -1, 6000, 10378,
Nardah teleport, -4663, -1, 6, 4454,
Enchanted robe, -4740, 8, 48000, 52525,
Mole skin, -4800, 50, 240, 4825,
Lava dragon bones, -4967, -1, 90, 4842,
Wood camo top, -4999, -1, 12, 4796,
Proselyte hauberk, -5082, -1, 7200, 12067,
Green dragonhide set, -5153, -1, 3000, 7938,
Studded chaps (t), -5265, -1, 450, 5500,
Warrior helm, -5315, -1, 36000, 41100,
Blue elegant blouse, -5573, -1, 1200, 6558,
Bandos stole, -5677, -1, 1500, 6962,
Disk of returning, -5847, 5, 7, 5639,
Ancient platelegs, -6295, -1, 38400, 44480,
Dragon cane, -6315, -1, 18000, 24100,
Death tiara, -6345, -1, 60, 6190,
Bronze platebody (t), -6384, -1, 96, 6265,
Granite maul, -6422, 70, 30000, 36207,
Ranarr weed, -6570, 12000, 15, 6370,
Enchanted hat, -6578, -1, 9000, 15363,
Ancient bracers, -6703, -1, 2400, 8888,
Farseer helm, -6712, -1, 36000, 42497,
Dragonstone, -6722, -1, 6000, 12507,
Ranarr potion (unf), -6748, 2000, 15, 6548,
Adamant halberd, -6923, -1, 4992, 11700,
Torstol, -7153, 2000, 45, 6983,
Saradomin plateskirt, -7243, -1, 38400, 45428,
Snapdragon, -7403, 2000, 35, 7223,
Mort'ton teleport, -7461, -1, 6, 7252,
Snapdragon potion (unf), -7825, 10000, 35, 7645,
Green d'hide chaps (t), -7874, 125, 2340, 9999,
White platebody, -7891, -1, 2304, 9980,
Elf camp teleport, -8147, -1, 6, 7938,
Studded body (t), -8501, -1, 510, 8796,
Tai bwo wannai teleport, -9434, -1, 6, 9225,
Runite bar, -9735, -1, 3000, 12520,
Runite ore, -9741, 4500, 1920, 11446,
Red dragonhide set, -9825, -1, 3000, 12610,
Spiked boots, -9946, 15, 18, 9749,
Helm of neitiznot, -10058, 70, 30000, 39843,
Red d'hide chaps (g), -11110, 125, 3108, 14003,
Guthix cloak, -11484, -1, 1200, 12469,
Death talisman, -11646, -1, 2, 11433,
Black skirt (t), -11987, 8, 1, 11773,
Holy book page set, -12015, -1, 4200, 16000,
Ring of wealth scroll, -12214, -1, 3000, 14999,
Blue d'hide body (g), -12599, 125, 5616, 18000,
Digsite teleport, -12864, -1, 6, 12655,
Seercull, -13410, 8, 4800, 17995,
Black dragonhide set, -13444, -1, 3000, 16229,
Lumberyard teleport, -13674, 200, 6, 13465,
Adamant set (lg), -13959, -1, 4800, 18544,
Red topaz machete, -13998, -1, 1200, 14983,
Granite helm, -14460, -1, 27600, 41845,
Adamant full helm (g), -14642, -1, 2112, 16539,
Strength amulet (t), -15039, 5, 1215, 16039,
Cooked oomlie wrap, -15194, -1, 21, 15000,
Book of war page set, -16357, -1, 4200, 20342,
Zul-andra teleport, -16407, 10000, 6, 16198,
Mind shield, -16860, 70, 1800, 18445,
Magpie impling jar, -16898, -1, 30, 16713,
Book of balance page set, -17283, 5, 4200, 21268,
Saradomin bracers, -17413, 8, 2400, 19598,
Pink elegant blouse, -17504, -1, 1200, 18489,
Ancient kiteshield, -17575, -1, 32640, 50000,
Adamant kiteshield (g), -17584, -1, 3264, 20633,
Rune shield (h1), -17950, 70, 32640, 50375,
Berserker helm, -18712, 70, 36000, 54497,
Rock-shell helm, -19095, -1, 21120, 40000,
Mithril trimmed set (lg), -19214, -1, 3000, 21999,
Adamant set (sk), -19415, -1, 4800, 24000,
Oyster, -20095, -1, 120, 20000,
Ancient staff, -21102, 70, 60000, 80887,
Santa hat, -22119, 5, 96, 22000,
Adamant platebody (g), -22231, -1, 9984, 32000,
Bandos mitre, -23320, -1, 3000, 26105,
Gnome goggles, -23579, -1, 600, 23964,
Bandos boots, -24564, 8, 173406, 197755,
Zamorak platebody, -26215, -1, 39000, 65000,
Black d'hide body (g), -26238, 8, 8088, 34111,
Ancient mitre, -27215, 8, 3000, 30000,
Zamorak cloak, -27662, 8, 1200, 28647,
Magic shortbow scroll, -28181, -1, 3000, 30966,
Ancient full helm, -29095, -1, 21120, 50000,
Rune platebody (g), -31215, 70, 39000, 70000,
Bandos cloak, -32384, -1, 1200, 33369,
Zamorak platelegs, -33203, -1, 38400, 71388,
Zamorak mitre, -34286, -1, 3000, 37071,
Clue box, -34870, -1, 6, 34661,
Saradomin cloak, -35515, 10, 1200, 36500,
Black skirt (g), -36495, -1, 1, 36281,
Dragon axe, -36584, 40, 33000, 69369,
Zamorak kiteshield, -40325, -1, 32640, 72750,
Zamorak bracers, -41746, 8, 2400, 43931,
Iron platelegs (t), -42046, -1, 168, 41999,
White beret, -47608, -1, 48, 47441,
Halloween mask set, -49561, 5, 4, 49350,
Gold leaf, -54215, -1, 78000, 132000,
Rune kiteshield (g), -57574, 8, 32640, 89999,
Amulet of magic (t), -59175, -1, 540, 59500,
Ahrim's hood, -60009, 10, 7800, 67594,
Warrior ring, -62371, 8, 6000, 68156,
Verac's flail, -62823, 15, 96000, 158608,
Ancient coif, -63563, 8, 1200, 64548,
Torag's platebody, -63951, 15, 168000, 231736,
Ahrim's staff, -64214, 15, 51000, 114999,
Karil's coif, -64620, -1, 7800, 72205,
Partyhat set, -65210, 5, 6, 65001,
Zamorak coif, -65895, -1, 1200, 66880,
Armadyl bracers, -70308, -1, 2400, 72493,
Bandos coif, -70348, -1, 1200, 71333,
Saradomin coif, -71219, 8, 1200, 72204,
Adamant gold-trimmed set (lg), -73881, 9, 4800, 78466,
Cannon barrels, -77150, -1, 112500, 189435,
Cannon base, -77471, -1, 112500, 189756,
Bronze platebody (g), -80119, -1, 96, 80000,
Skeletal gloves, -81624, -1, 390, 81799,
Rune armour set (sk), -84307, 8, 45000, 129092,
Cannon stand, -84346, -1, 112500, 196631,
Rune armour set (lg), -85490, 8, 45000, 130275,
Dragon pickaxe upgrade kit, -89240, -1, 975, 90000,
Mud battlestaff, -94227, 8, 10200, 104212,
Bandos robe top, -97465, -1, 4200, 101450,
Rune platelegs (g), -99145, 70, 38400, 137330,
Armadyl coif, -99408, -1, 1200, 100393,
Mystic mud staff, -103091, 8, 27000, 129876,
Iron full helm (t), -104030, -1, 92, 103907,
Bandos rune armour set (lg), -105563, -1, 48000, 153348,
Ancient robe top, -108003, -1, 4200, 111988,
Royal gown bottom, -117215, -1, 3000, 120000,
Cannon furnace, -120182, 8, 112500, 232467,
Spirit shield, -124070, 8, 42000, 165855,
Saradomin robe legs, -128203, -1, 4200, 132188,
Verac's helm, -136541, 10, 61800, 198126,
Brine sabre, -138150, 8, 15600, 153535,
Iron platebody (t), -139174, -1, 336, 139295,
Ancient page 4, -157872, 5, 120, 157777,
Toktz-ket-xil, -158129, -1, 27000, 184914,
Ancient page 2, -170776, 5, 120, 170681,
Tzhaar-ket-om, -173471, 70, 30000, 203256,
Beginner wand, -175284, -1, 720, 175789,
Marble block, -176615, -1, 150000, 326400,
Ancient page 1, -180095, 5, 120, 180000,
Saradomin robe top, -187022, 8, 4200, 191007,
Armadyl page 3, -195829, 5, 120, 195734,
Musketeer hat, -202115, 10, 2100, 204000,
Armadyl page 1, -210210, 5, 120, 210115,
Torag's platelegs, -214042, 15, 165000, 378827,
Iron kiteshield (g), -218889, -1, 1326, 220000,
Zamorak robe legs, -219144, -1, 4200, 223129,
Ancient robe legs, -225015, -1, 4200, 229000,
Iron full helm (g), -225123, -1, 92, 225000,
Armadyl page 4, -226348, 5, 120, 226253,
Saradomin armour set (lg), -235210, -1, 48000, 282995,
Zamorak full helm, -244143, -1, 21120, 265048,
Zamorak page 2, -251648, 5, 120, 251553,
Zamorak page 4, -255466, 5, 120, 255371,
Zamorak page 3, -258989, 5, 120, 258894,
Zamorak robe top, -267430, -1, 4200, 271415,
Armadyl page 2, -278854, 5, 120, 278759,
Black wizard robe (g), -282184, 4, 9, 281978,
Zamorak page 1, -303846, 5, 120, 303751,
Saradomin chaps, -310613, 8, 3600, 313998,
Treasonous ring, -320193, 8, 30000, 349978,
Iron trimmed set (lg), -329973, -1, 540, 330298,
Wizard boots, -338596, 8, 120, 338501,
Dragon boots, -356074, 70, 12000, 367859,
Rune gold-trimmed set (lg), -365215, 8, 45000, 410000,
Royal gown top, -392210, -1, 3000, 394995,
Dwarf cannon set, -394452, 20, 360000, 754237,
Magic stone, -395215, -1, 585000, 980000,
Zamorak armour set (lg), -402276, -1, 48000, 450061,
Armadyl chaps, -420738, -1, 3600, 424123,
Seers ring, -436905, 8, 6000, 442690,
Iron platebody (g), -454879, -1, 336, 455000,
Kraken tentacle, -470971, 70, 50004, 520760,
Black wizard hat (g), -494213, -1, 1, 493999,
Armadyl d'hide, -517423, 8, 7800, 525008,
Holy elixir, -525227, 4, 450000, 975012,
Saradomin d'hide, -535912, 8, 7800, 543497,
Guthan's platebody, -539215, 10, 168000, 707000,
Toktz-xil-ak, -566691, -1, 24000, 590476,
Ancient dragonhide set, -569515, -1, 5700, 575000,
Dark bow, -580109, 8, 72000, 651894,
Verac's plateskirt, -604931, 10, 165000, 769716,
Zamorak d'hide, -624412, 8, 7800, 631997,
Bandos dragonhide set, -644515, -1, 5700, 650000,
Holy sandals, -714958, 6, 1200, 715943,
Dragon chainbody, -725592, 70, 150000, 875377,
Obsidian cape, -739251, 70, 36000, 775036,
Book of darkness page set, -763744, -1, 4200, 767729,
Guthan's helm, -837748, 10, 61800, 899333,
Occult necklace, -878935, 8, 27000, 905720,
Saradomin sword, -906792, 8, 78000, 984577,
Dharok's platebody, -917643, 15, 168000, 1085428,
Book of law page set, -918015, 5, 4200, 922000,
Dharok's greataxe, -1021415, 10, 124800, 1146000,
Zamorak dragonhide set, -1043978, -1, 5400, 1049163,
Black d'hide chaps (g), -1082260, 70, 3732, 1085777,
Verac's armour set, -1089578, 8, 240000, 1329363,
Unholy book page set, -1103690, -1, 4200, 1107675,
Dharok's platelegs, -1108013, 10, 165000, 1272798,
Armadyl dragonhide set, -1122370, -1, 5700, 1127855,
Infinity boots, -1170756, 24, 7200, 1177741,
Infinity gloves, -1707015, -1, 7200, 1714000,
Ring of stone, -1859012, 8, 121200, 1979997,
Gilded full helm, -1869095, -1, 21120, 1890000,
Ahrim's robeskirt, -1894130, 15, 28200, 1922115,
Robin hood hat, -1915123, 8, 270, 1915178,
Karil's armour set, -2211215, 8, 120000, 2331000,
Odium ward, -2305568, 8, 27000, 2332353,
Abyssal whip, -2494767, 70, 72000, 2566552,
Bounty teleport scroll, -2532215, -1, 18000, 2550000,
Regen bracelet, -2754260, 10, 121200, 2875245,
Amulet of fury, -2786007, 8, 121200, 2906992,
Berserker necklace, -2795142, -1, 121200, 2916127,
Guthan's armour set, -2816996, 10, 240000, 3056781,
Malediction ward, -3071874, 8, 27000, 3098659,
Smoke battlestaff, -3251085, 8, 9300, 3260170,
Magic fang, -3258816, 5, 61200, 3319801,
Tanzanite fang, -3277706, 5, 66000, 3343491,
Mystic smoke staff, -3333622, 8, 25500, 3358907,
Berserker ring, -3398033, 8, 6000, 3403818,
Infinity hat, -3449619, 10, 10200, 3459604,
Dharok's armour set, -3585504, 8, 240000, 3825289,
Ahrim's armour set, -3936322, 8, 120000, 4056107,
Gilded platelegs, -4076802, 8, 38400, 4114987,
Zamorak godsword, -4166112, 8, 750000, 4915897,
Infinity top, -4261215, -1, 84000, 4345000,
Eternal boots, -4398570, 15, 45000, 4443355,
Infinity bottoms, -4416214, -1, 54000, 4469999,
Pharaoh's sceptre, -4649215, 8, 50000, 4699000,
Armadyl helmet, -4652603, 10, 173400, 4825788,
Dragonfire shield, -4662770, 8, 1200000, 5862555,
Master wand, -5245882, 8, 60000, 5305667,
Dragon pickaxe, -5774597, 40, 58770, 5833152,
Staff of the dead, -6500210, 8, 600003, 7099998,
Rangers' tunic, -7959358, 4, 7200, 7966343,
Bandos godsword, -9025297, 8, 750000, 9775082,
Gilded armour set (lg), -9952214, -1, 48000, 9999999,
Armadyl hilt, -13457215, -1, 300000, 13757000,
Armadyl godsword, -13552577, 8, 750000, 14302362,
Zamorakian hasta, -14418365, 8, 180000, 14598150,
Zamorakian spear, -14650802, 8, 60000, 14710587,
Ring of the gods, -15469210, -1, 30000, 15498995,
Bandos chestplate, -17662803, 8, 174006, 17836594,
Armadyl crossbow, -26298936, 8, 594000, 26892721,
Bandos tassets, -27790019, 8, 173946, 27963750,
Primordial crystal, -28749215, 10, 27000, 28776000,
Primordial boots, -29249198, 8, 45000, 29293983,
Armadyl chainskirt, -29498033, 8, 173940, 29671758,
3rd age range top, -30723215, -1, 27000, 30750000,
Pegasian boots, -33718253, 8, 45000, 33763038,
Ranger boots, -34200095, 8, 120, 34200000,
Saradomin godsword, -35504613, 8, 750000, 36254398,
Armadyl chestplate, -37443345, 8, 174000, 37617130,
3rd age platelegs, -51505216, -1, 120000, 51625001,
Spectral spirit shield, -51740213, 8, 1200000, 52939998,
Arcane spirit shield, -2146283862, 8, 1200000, 2147483647,
Elysian spirit shield, -2146283862, 8, 1200000, 2147483647,
Blessed spirit shield, -2146763862, 8, 720000, 2147483647,
Godsword blade, -2147033862, -1, 450000, 2147483647,
Shield right half, -2147033862, -1, 450000, 2147483647,
Draconic visage, -2147033862, -1, 450000, 2147483647,
Spectral sigil, -2147033862, -1, 450000, 2147483647,
Arcane sigil, -2147033862, -1, 450000, 2147483647,
Elysian sigil, -2147033862, -1, 450000, 2147483647,
Zamorak hilt, -2147183862, -1, 300000, 2147483647,
Bandos hilt, -2147183862, -1, 300000, 2147483647,
Saradomin hilt, -2147183862, -1, 300000, 2147483647,
Torag's armour set, -2147243862, 8, 240000, 2147483647,
Onyx, -2147303862, -1, 180000, 2147483647,
Verac's brassard, -2147315862, 10, 168000, 2147483647,
Guthan's chainskirt, -2147318862, 10, 165000, 2147483647,
Godsword shard 1, -2147333862, -1, 150000, 2147483647,
Godsword shard 2, -2147333862, -1, 150000, 2147483647,
Godsword shard 3, -2147333862, -1, 150000, 2147483647,
3rd age vambraces, -2147354862, -1, 129000, 2147483647,
Onyx amulet, -2147362062, -1, 121800, 2147483647,
Onyx bracelet, -2147362662, -1, 121200, 2147483647,
Onyx amulet (u), -2147362662, -1, 121200, 2147483647,
Onyx ring, -2147363262, -1, 120600, 2147483647,
Onyx necklace, -2147363262, -1, 120600, 2147483647,
Uncut onyx, -2147363862, -1, 120000, 2147483647,
3rd age platebody, -2147363862, -1, 120000, 2147483647,
3rd age kiteshield, -2147375862, 8, 108000, 2147483647,
Dragon full helm, -2147393862, 8, 90000, 2147483647,
3rd age wand, -2147393862, -1, 90000, 2147483647,
3rd age bow, -2147393862, -1, 90000, 2147483647,
Enchanted top, -2147411862, 8, 72000, 2147483647,
Shield left half, -2147417862, 10, 66000, 2147483647,
Serpentine visage, -2147420862, 5, 63000, 2147483647,
Dharok's helm, -2147422062, 10, 61800, 2147483647,
Guthan's warspear, -2147423862, 10, 60000, 2147483647,
3rd age full helmet, -2147429862, 8, 54000, 2147483647,
3rd age cloak, -2147432862, -1, 51000, 2147483647,
Ancient rune armour set (lg), -2147435862, -1, 48000, 2147483647,
Guthix armour set (lg), -2147435862, -1, 48000, 2147483647,
Armadyl rune armour set (lg), -2147435862, -1, 48000, 2147483647,
Ancient rune armour set (sk), -2147435862, -1, 48000, 2147483647,
Armadyl rune armour set (sk), -2147435862, -1, 48000, 2147483647,
Bandos rune armour set (sk), -2147435862, -1, 48000, 2147483647,
Guthix armour set (sk), -2147435862, -1, 48000, 2147483647,
Zamorak armour set (sk), -2147435862, -1, 48000, 2147483647,
Saradomin armour set (sk), -2147435862, -1, 48000, 2147483647,
Gilded armour set (sk), -2147435862, -1, 48000, 2147483647,
Rune trimmed set (lg), -2147438862, 70, 45000, 2147483647,
Rune trimmed set (sk), -2147438862, 70, 45000, 2147483647,
Rune gold-trimmed set (sk), -2147438862, 8, 45000, 2147483647,
Bandos platebody, -2147444862, -1, 39000, 2147483647,
Guthix platebody, -2147444862, -1, 39000, 2147483647,
Ancient platebody, -2147444862, -1, 39000, 2147483647,
Rock-shell plate, -2147444862, -1, 39000, 2147483647,
Rune platebody (t), -2147444862, 70, 39000, 2147483647,
Saradomin platebody, -2147444862, 8, 39000, 2147483647,
Gilded platebody, -2147444862, 8, 39000, 2147483647,
Guthix plateskirt, -2147445462, -1, 38400, 2147483647,
Armadyl plateskirt, -2147445462, -1, 38400, 2147483647,
Armadyl platelegs, -2147445462, -1, 38400, 2147483647,
Guthix platelegs, -2147445462, -1, 38400, 2147483647,
Rune platelegs (t), -2147445462, 70, 38400, 2147483647,
Saradomin platelegs, -2147445462, 8, 38400, 2147483647,
Gilded plateskirt, -2147445462, -1, 38400, 2147483647,
Zamorak plateskirt, -2147445462, -1, 38400, 2147483647,
Ancient plateskirt, -2147445462, 2, 38400, 2147483647,
Bandos platelegs, -2147445462, -1, 38400, 2147483647,
Dwarven helmet, -2147447862, -1, 36000, 2147483647,
Armadyl platebody, -2147447862, 70, 36000, 2147483647,
Spined helm, -2147447862, -1, 36000, 2147483647,
Rune shield (h4), -2147451222, 70, 32640, 2147483647,
Armadyl kiteshield, -2147451222, -1, 32640, 2147483647,
Rune shield (h5), -2147451222, 70, 32640, 2147483647,
Rune kiteshield (t), -2147451222, 70, 32640, 2147483647,
Rune shield (h2), -2147451222, 70, 32640, 2147483647,
Guthix kiteshield, -2147451222, -1, 32640, 2147483647,
Rune shield (h3), -2147451222, 70, 32640, 2147483647,
Saradomin kiteshield, -2147451222, -1, 32640, 2147483647,
Gilded kiteshield, -2147451222, -1, 32640, 2147483647,
Bandos kiteshield, -2147451222, -1, 32640, 2147483647,
Bagged magic tree, -2147453862, -1, 30000, 2147483647,
Tyrannical ring, -2147453862, 8, 30000, 2147483647,
Mystic steam staff, -2147456862, 6, 27000, 2147483647,
Splitbark body, -2147456862, 70, 27000, 2147483647,
Smouldering stone, -2147456862, 5, 27000, 2147483647,
Eternal crystal, -2147456862, 10, 27000, 2147483647,
Pegasian crystal, -2147456862, 10, 27000, 2147483647,
3rd age robe top, -2147456862, -1, 27000, 2147483647,
Mystic earth staff, -2147458362, -1, 25500, 2147483647,
Meat tenderiser, -2147458962, -1, 24900, 2147483647,
Splitbark legs, -2147459862, 70, 24000, 2147483647,
Saradomin's tear, -2147459862, 5, 24000, 2147483647,
3rd age range legs, -2147459862, -1, 24000, 2147483647,
3rd age robe, -2147459862, -1, 24000, 2147483647,
Rune helm (h5), -2147462742, 70, 21120, 2147483647,
Guthix full helm, -2147462742, 8, 21120, 2147483647,
Rune full helm (g), -2147462742, 70, 21120, 2147483647,
Saradomin full helm, -2147462742, 8, 21120, 2147483647,
Rune helm (h3), -2147462742, 70, 21120, 2147483647,
Rune helm (h1), -2147462742, 70, 21120, 2147483647,
Armadyl full helm, -2147462742, -1, 21120, 2147483647,
Toktz-mej-tal, -2147462862, -1, 21000, 2147483647,
Saradomin's light, -2147463102, -1, 20760, 2147483647,
Malediction shard 1, -2147465262, -1, 18600, 2147483647,
Malediction shard 2, -2147465262, -1, 18600, 2147483647,
Odium shard 1, -2147465262, -1, 18600, 2147483647,
Odium shard 2, -2147465262, -1, 18600, 2147483647,
Malediction shard 3, -2147465262, -1, 18600, 2147483647,
Odium shard 3, -2147465262, -1, 18600, 2147483647,
Tzhaar-ket-em, -2147465862, -1, 18000, 2147483647,
Cleaver, -2147468502, -1, 15360, 2147483647,
Gilded scimitar, -2147468502, 70, 15360, 2147483647,
Toktz-xil-ek, -2147468862, -1, 15000, 2147483647,
Katana, -2147469462, 1, 14400, 2147483647,
Slayer's staff, -2147471262, -1, 12600, 2147483647,
Rune hasta, -2147471382, 70, 12480, 2147483647,
Rune helm (h2), -2147471742, 70, 12120, 2147483647,
Rune helm (h4), -2147471742, 70, 12120, 2147483647,
Amulet of glory (t), -2147473287, -1, 10575, 2147483647,
Steam battlestaff, -2147473662, 8, 10200, 2147483647,
Black shield (h2), -2147474067, -1, 9795, 2147483647,
Runite crossbow (u), -2147474162, -1, 9700, 2147483647,
Runite limbs, -2147474262, 40, 9600, 2147483647,
Earth battlestaff, -2147474562, 14000, 9300, 2147483647,
Bagged maple tree, -2147474862, -1, 9000, 2147483647,
Rolling pin, -2147475222, -1, 8640, 2147483647,
Rune mace, -2147475222, 70, 8640, 2147483647,
Black d'hide body (t), -2147475774, 70, 8088, 2147483647,
Bandos d'hide, -2147476062, 8, 7800, 2147483647,
Ancient d'hide, -2147476062, 8, 7800, 2147483647,
Adamant platebody (t), -2147476182, 8, 7680, 2147483647,
Gilded boots, -2147476362, -1, 7500, 2147483647,
Red d'hide body (t), -2147477124, 125, 6738, 2147483647,
Blue dragon mask, -2147477862, -1, 6000, 2147483647,
Splitbark helm, -2147477862, 70, 6000, 2147483647,
Bagged plant 3, -2147477862, -1, 6000, 2147483647,
Proselyte tasset, -2147477862, -1, 6000, 2147483647,
Black dragon mask, -2147477862, -1, 6000, 2147483647,
Steel dragon mask, -2147477862, -1, 6000, 2147483647,
Iron dragon mask, -2147477862, -1, 6000, 2147483647,
Bronze dragon mask, -2147477862, -1, 6000, 2147483647,
Mithril dragon mask, -2147477862, -1, 6000, 2147483647,
Skeletal helm, -2147477862, -1, 6000, 2147483647,
Lava dragon mask, -2147477862, 4, 6000, 2147483647,
3rd age range coif, -2147477862, -1, 6000, 2147483647,
3rd age mage hat, -2147477862, -1, 6000, 2147483647,
Blue d'hide body (t), -2147478246, 125, 5616, 2147483647,
Guthix dragonhide set, -2147478462, -1, 5400, 2147483647,
Saradomin dragonhide set, -2147478462, -1, 5400, 2147483647,
Initiate cuisse, -2147479062, -1, 4800, 2147483647,
Proselyte sallet, -2147479062, -1, 4800, 2147483647,
Adamant trimmed set (lg), -2147479062, -1, 4800, 2147483647,
Adamant trimmed set (sk), -2147479062, -1, 4800, 2147483647,
Adamant gold-trimmed set (sk), -2147479062, 9, 4800, 2147483647,
Kitchen knife, -2147479062, -1, 4800, 2147483647,
Green d'hide body (g), -2147479182, 8, 4680, 2147483647,
Green d'hide body (t), -2147479182, 125, 4680, 2147483647,
Spined body, -2147479182, -1, 4680, 2147483647,
Guthix robe top, -2147479662, -1, 4200, 2147483647,
Armadyl robe top, -2147479662, -1, 4200, 2147483647,
Bandos robe legs, -2147479662, -1, 4200, 2147483647,
Guthix robe legs, -2147479662, -1, 4200, 2147483647,
Armadyl robe legs, -2147479662, -1, 4200, 2147483647,
Adamant platelegs (t), -2147480022, -1, 3840, 2147483647,
Adamant plateskirt (t), -2147480022, -1, 3840, 2147483647,
Black d'hide chaps (t), -2147480130, 70, 3732, 2147483647,
Bandos chaps, -2147480262, 5, 3600, 2147483647,
Guthix chaps, -2147480262, 8, 3600, 2147483647,
Initiate sallet, -2147480262, -1, 3600, 2147483647,
Zamorak chaps, -2147480262, 8, 3600, 2147483647,
Royal crown, -2147480262, -1, 3600, 2147483647,
Adamant shield (h5), -2147480598, -1, 3264, 2147483647,
Adamant shield (h3), -2147480598, -1, 3264, 2147483647,
Adamant shield (h1), -2147480598, -1, 3264, 2147483647,
Adamant shield (h2), -2147480598, -1, 3264, 2147483647,
Adamant shield (h4), -2147480598, -1, 3264, 2147483647,
Mithril platebody (t), -2147480742, -1, 3120, 2147483647,
Mithril platebody (g), -2147480742, -1, 3120, 2147483647,
Red d'hide chaps (t), -2147480754, 125, 3108, 2147483647,
Saradomin crozier, -2147480862, -1, 3000, 2147483647,
Ancient crozier, -2147480862, -1, 3000, 2147483647,
Armadyl crozier, -2147480862, -1, 3000, 2147483647,
Blue dragonhide set, -2147480862, -1, 3000, 2147483647,
Mithril set (sk), -2147480862, -1, 3000, 2147483647,
Crier hat, -2147480862, -1, 3000, 2147483647,
Dragon full helm ornament kit, -2147480862, -1, 3000, 2147483647,
Splitbark boots, -2147480862, 70, 3000, 2147483647,
Guthix crozier, -2147480862, -1, 3000, 2147483647,
Mithril trimmed set (sk), -2147480862, -1, 3000, 2147483647,
Light infinity colour kit, -2147480862, -1, 3000, 2147483647,
Armadyl mitre, -2147480862, -1, 3000, 2147483647,
Guthix mitre, -2147480862, -1, 3000, 2147483647,
Saradomin mitre, -2147480862, -1, 3000, 2147483647,
Granite clamp, -2147480862, 80, 3000, 2147483647,
Mithril gold-trimmed set (lg), -2147480862, 13, 3000, 2147483647,
Mithril gold-trimmed set (sk), -2147480862, 13, 3000, 2147483647,
Dark infinity colour kit, -2147480862, 4, 3000, 2147483647,
Royal sceptre, -2147480862, -1, 3000, 2147483647,
Zamorak crozier, -2147480862, 2, 3000, 2147483647,
Bagged plant 2, -2147480862, -1, 3000, 2147483647,
Fury ornament kit, -2147480862, 4, 3000, 2147483647,
Black set (sk), -2147481162, -1, 2700, 2147483647,
Black trimmed set (lg), -2147481162, -1, 2700, 2147483647,
Black trimmed set (sk), -2147481162, -1, 2700, 2147483647,
Black gold-trimmed set (sk), -2147481162, -1, 2700, 2147483647,
Black gold-trimmed set (lg), -2147481162, -1, 2700, 2147483647,
Adamant warhammer, -2147481390, -1, 2472, 2147483647,
Bandos bracers, -2147481462, 8, 2400, 2147483647,
Ancient chaps, -2147481462, -1, 2400, 2147483647,
Top hat & monocle, -2147481462, -1, 2400, 2147483647,
Guthix bracers, -2147481462, -1, 2400, 2147483647,
Spined chaps, -2147481522, -1, 2340, 2147483647,
Green d'hide chaps (g), -2147481522, 8, 2340, 2147483647,
Black platebody (t), -2147481558, -1, 2304, 2147483647,
Black platebody (g), -2147481558, -1, 2304, 2147483647,
3rd age amulet, -2147481609, -1, 2253, 2147483647,
Diamond necklace, -2147481657, -1, 2205, 2147483647,
Diamond amulet (u), -2147481747, -1, 2115, 2147483647,
Adamant helm (h3), -2147481750, -1, 2112, 2147483647,
Adamant full helm (t), -2147481750, -1, 2112, 2147483647,
Adamant helm (h1), -2147481750, -1, 2112, 2147483647,
Adamant helm (h2), -2147481750, -1, 2112, 2147483647,
Adamant helm (h4), -2147481750, -1, 2112, 2147483647,
Adamant helm (h5), -2147481750, -1, 2112, 2147483647,
Mithril halberd, -2147481834, -1, 2028, 2147483647,
Skewer, -2147481942, -1, 1920, 2147483647,
Broodoo shield, -2147482062, -1, 1800, 2147483647,
Blue spiky vambs, -2147482062, -1, 1800, 2147483647,
Pirate hat & patch, -2147482062, -1, 1800, 2147483647,
Mithril platelegs (g), -2147482302, -1, 1560, 2147483647,
Mithril platelegs (t), -2147482302, -1, 1560, 2147483647,
Mithril plateskirt (t), -2147482302, -1, 1560, 2147483647,
Mithril plateskirt (g), -2147482302, -1, 1560, 2147483647,
Inoculation bracelet, -2147482326, -1, 1536, 2147483647,
Zamorak stole, -2147482362, -1, 1500, 2147483647,
Armadyl stole, -2147482362, -1, 1500, 2147483647,
Saradomin stole, -2147482362, -1, 1500, 2147483647,
Magic comp bow, -2147482362, -1, 1500, 2147483647,
Ancient stole, -2147482362, -1, 1500, 2147483647,
Ruby bracelet, -2147482467, -1, 1395, 2147483647,
Deerstalker, -2147482482, -1, 1380, 2147483647,
Mithril kiteshield (t), -2147482536, -1, 1326, 2147483647,
Bronze kiteshield (t), -2147482536, -1, 1326, 2147483647,
Mithril kiteshield (g), -2147482536, -1, 1326, 2147483647,
Bronze kiteshield (g), -2147482536, -1, 1326, 2147483647,
Iron kiteshield (t), -2147482536, -1, 1326, 2147483647,
Purple elegant blouse, -2147482662, -1, 1200, 2147483647,
Pink elegant legs, -2147482662, -1, 1200, 2147483647,
Red elegant blouse, -2147482662, -1, 1200, 2147483647,
A powdered wig, -2147482662, -1, 1200, 2147483647,
Green elegant blouse, -2147482662, -1, 1200, 2147483647,
Sleeping cap, -2147482662, -1, 1200, 2147483647,
Gold elegant legs, -2147482662, -1, 1200, 2147483647,
Guthix coif, -2147482662, -1, 1200, 2147483647,
Pantaloons, -2147482662, -1, 1200, 2147483647,
Green elegant skirt, -2147482662, -1, 1200, 2147483647,
Pink elegant shirt, -2147482662, -1, 1200, 2147483647,
Purple elegant shirt, -2147482662, -1, 1200, 2147483647,
Gold elegant shirt, -2147482662, -1, 1200, 2147483647,
Red elegant skirt, -2147482662, -1, 1200, 2147483647,
White elegant blouse, -2147482662, -1, 1200, 2147483647,
Green elegant legs, -2147482662, -1, 1200, 2147483647,
Red elegant legs, -2147482662, -1, 1200, 2147483647,
Purple elegant legs, -2147482662, -1, 1200, 2147483647,
Gold elegant skirt, -2147482662, -1, 1200, 2147483647,
Black elegant legs, -2147482662, -1, 1200, 2147483647,
Goblin mask, -2147482662, -1, 1200, 2147483647,
Blue elegant legs, -2147482662, -1, 1200, 2147483647,
Blue elegant skirt, -2147482662, -1, 1200, 2147483647,
Imp mask, -2147482662, -1, 1200, 2147483647,
Armadyl cloak, -2147482662, -1, 1200, 2147483647,
Red elegant shirt, -2147482662, -1, 1200, 2147483647,
Ancient cloak, -2147482662, 8, 1200, 2147483647,
Purple elegant skirt, -2147482662, -1, 1200, 2147483647,
Green elegant shirt, -2147482662, -1, 1200, 2147483647,
Blue elegant shirt, -2147482662, -1, 1200, 2147483647,
Flared trousers, -2147482662, -1, 1200, 2147483647,
Black elegant shirt, -2147482662, -1, 1200, 2147483647,
Teacher wand, -2147482662, -1, 1200, 2147483647,
Gold elegant blouse, -2147482662, -1, 1200, 2147483647,
Pink elegant skirt, -2147482662, -1, 1200, 2147483647,
White halberd, -2147482710, -1, 1152, 2147483647,
Spatula, -2147482710, -1, 1152, 2147483647,
Black plateskirt, -2147482710, -1, 1152, 2147483647,
Black platelegs (t), -2147482710, -1, 1152, 2147483647,
White 2h sword, -2147482710, -1, 1152, 2147483647,
Black plateskirt (g), -2147482710, -1, 1152, 2147483647,
Black plateskirt (t), -2147482710, -1, 1152, 2147483647,
White plateskirt, -2147482710, -1, 1152, 2147483647,
Black platelegs (g), -2147482710, -1, 1152, 2147483647,
Musketeer tabard, -2147482734, -1, 1128, 2147483647,
Musketeer pants, -2147482740, -1, 1122, 2147483647,
Top hat, -2147482782, -1, 1080, 2147483647,
Partyhat & specs, -2147482782, -1, 1080, 2147483647,
Adamant crossbow (u), -2147482823, -1, 1039, 2147483647,
Mithril battleaxe, -2147482848, -1, 1014, 2147483647,
Frying pan, -2147482866, -1, 996, 2147483647,
Black shield (h4), -2147482883, -1, 979, 2147483647,
Black kiteshield (t), -2147482883, -1, 979, 2147483647,
Black shield (h5), -2147482883, -1, 979, 2147483647,
Black shield (h3), -2147482883, -1, 979, 2147483647,
White kiteshield, -2147482883, -1, 979, 2147483647,
Black shield (h1), -2147482883, -1, 979, 2147483647,
Black kiteshield, -2147482883, -1, 979, 2147483647,
Black kiteshield (g), -2147482883, -1, 979, 2147483647,
Adamantite limbs, -2147482902, -1, 960, 2147483647,
Explorer backpack, -2147482932, -1, 930, 2147483647,
Emerald bracelet, -2147482947, -1, 915, 2147483647,
Steam staff upgrade kit, -2147482962, -1, 900, 2147483647,
Ward upgrade kit, -2147482962, -1, 900, 2147483647,
Big pirate hat, -2147482962, -1, 900, 2147483647,
Apprentice wand, -2147482962, -1, 900, 2147483647,
Adamant mace, -2147482998, -1, 864, 2147483647,
White chainbody, -2147482998, -1, 864, 2147483647,
Adamant cane, -2147482998, -1, 864, 2147483647,
Mithril full helm (t), -2147483004, -1, 858, 2147483647,
Mithril full helm (g), -2147483004, -1, 858, 2147483647,
Emerald necklace, -2147483007, -1, 855, 2147483647,
Oyster pearls, -2147483022, -1, 840, 2147483647,
Steel set (sk), -2147483022, -1, 840, 2147483647,
Sagacious spectacles, -2147483022, -1, 840, 2147483647,
Emerald amulet (u), -2147483097, -1, 765, 2147483647,
Bracelet of clay, -2147483103, -1, 759, 2147483647,
White battleaxe, -2147483114, -1, 748, 2147483647,
Adamant claws, -2147483142, -1, 720, 2147483647,
Penguin mask, -2147483142, -1, 720, 2147483647,
Monocle, -2147483142, -1, 720, 2147483647,
Maple blackjack, -2147483142, -1, 720, 2147483647,
White sq shield, -2147483171, -1, 691, 2147483647,
Black sq shield, -2147483171, -1, 691, 2147483647,
Sapphire bracelet, -2147483172, -1, 690, 2147483647,
Black full helm (t), -2147483229, -1, 633, 2147483647,
White full helm, -2147483229, -1, 633, 2147483647,
Black helm (h4), -2147483229, -1, 633, 2147483647,
Black full helm (g), -2147483229, -1, 633, 2147483647,
Black helm (h2), -2147483229, -1, 633, 2147483647,
Black helm (h3), -2147483229, -1, 633, 2147483647,
Black helm (h1), -2147483229, -1, 633, 2147483647,
Black helm (h5), -2147483229, -1, 633, 2147483647,
Sapphire necklace, -2147483232, -1, 630, 2147483647,
Steel halberd, -2147483262, -1, 600, 2147483647,
Leprechaun hat, -2147483262, -1, 600, 2147483647,
Uncut dragonstone, -2147483262, -1, 600, 2147483647,
Onyx bolt tips, -2147483262, -1, 600, 2147483647,
Kyatt hat, -2147483262, -1, 600, 2147483647,
Bagged plant 1, -2147483262, -1, 600, 2147483647,
Tortoise shell, -2147483262, -1, 600, 2147483647,
Steel 2h sword, -2147483262, -1, 600, 2147483647,
Jade machete, -2147483262, -1, 600, 2147483647,
Gnome scarf, -2147483262, -1, 600, 2147483647,
White warhammer, -2147483274, -1, 588, 2147483647,
Black warhammer, -2147483274, -1, 588, 2147483647,
White longsword, -2147483286, -1, 576, 2147483647,
Iron trimmed set (sk), -2147483322, -1, 540, 2147483647,
Iron gold-trimmed set (sk), -2147483322, 8, 540, 2147483647,
Iron gold-trimmed set (lg), -2147483322, 8, 540, 2147483647,
Sapphire amulet (u), -2147483322, -1, 540, 2147483647,
Pith helmet, -2147483346, -1, 516, 2147483647,
Studded body (g), -2147483352, -1, 510, 2147483647,
Mithril hasta, -2147483355, -1, 507, 2147483647,
Adamant dagger, -2147483382, -1, 480, 2147483647,
White scimitar, -2147483401, -1, 461, 2147483647,
Graahk headdress, -2147483412, -1, 450, 2147483647,
Studded chaps (g), -2147483412, -1, 450, 2147483647,
Afro, -2147483452, 4, 410, 2147483647,
Briefcase, -2147483463, -1, 399, 2147483647,
Mithril limbs, -2147483472, -1, 390, 2147483647,
Spined gloves, -2147483472, -1, 390, 2147483647,
Skeletal boots, -2147483472, -1, 390, 2147483647,
Bandit's brew, -2147483472, -1, 390, 2147483647,
Rock-shell boots, -2147483472, -1, 390, 2147483647,
Spined boots, -2147483472, -1, 390, 2147483647,
Rock-shell gloves, -2147483472, -1, 390, 2147483647,
Steel battleaxe, -2147483472, -1, 390, 2147483647,
Black spear, -2147483472, -1, 390, 2147483647,
Magic pyre logs, -2147483478, -1, 384, 2147483647,
Guthix mjolnir, -2147483487, -1, 375, 2147483647,
Saradomin mjolnir, -2147483487, -1, 375, 2147483647,
Zamorak mjolnir, -2147483487, -1, 375, 2147483647,
Black sword, -2147483488, -1, 374, 2147483647,
Beanie, -2147483502, -1, 360, 2147483647,
Black cane, -2147483502, -1, 360, 2147483647,
Bone club, -2147483502, -1, 360, 2147483647,
Mole claw, -2147483502, 50, 360, 2147483647,
Mithril mace, -2147483511, -1, 351, 2147483647,
White med helm, -2147483517, -1, 345, 2147483647,
Tyras helm, -2147483532, -1, 330, 2147483647,
Vyrewatch top, -2147483562, -1, 300, 2147483647,
Fremennik robe, -2147483562, -1, 300, 2147483647,
Tribal mask, -2147483562, -1, 300, 2147483647,
Fine cloth, -2147483562, -1, 300, 2147483647,
Larupia hat, -2147483562, -1, 300, 2147483647,
Dragon arrowtips, -2147483562, -1, 300, 2147483647,
Bottle of wine, -2147483562, -1, 300, 2147483647,
Elemental talisman, -2147483562, -1, 300, 2147483647,
Yew pyre logs, -2147483574, -1, 288, 2147483647,
Mithril claws, -2147483577, 125, 285, 2147483647,
Premade choc bomb, -2147483592, -1, 270, 2147483647,
Premade ttl, -2147483592, -1, 270, 2147483647,
Rune brutal, -2147483592, -1, 270, 2147483647,
White mace, -2147483603, -1, 259, 2147483647,
Black mace, -2147483604, -1, 258, 2147483647,
Yew shortbow (u), -2147483622, -1, 240, 2147483647,
Iron halberd, -2147483644, -1, 218, 2147483647,
Black claws, -2147483646, 6, 216, 2147483647,
White claws, -2147483646, -1, 216, 2147483647,
Pirate leggings, -2147483652, -1, 210, 2147483647,
Rune dart(p), -2147483652, -1, 210, 2147483647,
Light orb, -2147483652, -1, 210, 2147483647,
Steel crossbow (u), -2147483666, -1, 196, 2147483647,
Steel sword, -2147483667, -1, 195, 2147483647,
Keg of beer, -2147483667, -1, 195, 2147483647,
Steel hasta, -2147483667, 125, 195, 2147483647,
Raw dark crab, -2147483667, -1, 195, 2147483647,
Spork, -2147483667, -1, 195, 2147483647,
Dark crab, -2147483670, 10000, 192, 2147483647,
Fedora, -2147483682, -1, 180, 2147483647,
Stripy pirate shirt, -2147483682, -1, 180, 2147483647,
Tribal top, -2147483682, -1, 180, 2147483647,
Bruise blue snelm, -2147483682, -1, 180, 2147483647,
Broken bark snelm, -2147483682, -1, 180, 2147483647,
Myre snelm, -2147483682, -1, 180, 2147483647,
Fire orb, -2147483682, 10000, 180, 2147483647,
Ochre snelm, -2147483682, -1, 180, 2147483647,
Nail beast nails, -2147483682, -1, 180, 2147483647,
Blood'n'tar snelm, -2147483682, -1, 180, 2147483647,
Iron platelegs (g), -2147483694, -1, 168, 2147483647,
Iron plateskirt (t), -2147483694, -1, 168, 2147483647,
Iron plateskirt (g), -2147483694, -1, 168, 2147483647,
Iron 2h sword, -2147483694, 125, 168, 2147483647,
Dashing kebbit fur, -2147483700, -1, 162, 2147483647,
Premade worm hole, -2147483700, -1, 162, 2147483647,
Premade veg ball, -2147483700, -1, 162, 2147483647,
Villager robe, -2147483712, -1, 150, 2147483647,
Dragon dart tip, -2147483712, 11000, 150, 2147483647,
Steel limbs, -2147483712, 10000, 150, 2147483647,
Mint cake, -2147483712, -1, 150, 2147483647,
White dagger, -2147483718, -1, 144, 2147483647,
Black dagger, -2147483718, -1, 144, 2147483647,
Black boater, -2147483727, -1, 135, 2147483647,
White boater, -2147483727, -1, 135, 2147483647,
Orange boater, -2147483727, -1, 135, 2147483647,
Red boater, -2147483727, -1, 135, 2147483647,
Purple boater, -2147483727, -1, 135, 2147483647,
Green boater, -2147483727, -1, 135, 2147483647,
Pink boater, -2147483727, -1, 135, 2147483647,
Steel mace, -2147483727, -1, 135, 2147483647,
Blue boater, -2147483727, 4, 135, 2147483647,
Rune nails, -2147483730, -1, 132, 2147483647,
Dark kebbit fur, -2147483736, -1, 126, 2147483647,
Silver dust, -2147483742, -1, 120, 2147483647,
Dark cavalier, -2147483742, -1, 120, 2147483647,
Unholy symbol, -2147483742, -1, 120, 2147483647,
Navy cavalier, -2147483742, -1, 120, 2147483647,
Guthix page 2, -2147483742, -1, 120, 2147483647,
Guthix page 4, -2147483742, -1, 120, 2147483647,
Guthix page 1, -2147483742, 5, 120, 2147483647,
Villager hat, -2147483742, -1, 120, 2147483647,
White cavalier, -2147483742, -1, 120, 2147483647,
Tan cavalier, -2147483742, -1, 120, 2147483647,
Ancient page 3, -2147483742, 5, 120, 2147483647,
Bronze set (lg), -2147483742, -1, 120, 2147483647,
Saradomin page 3, -2147483742, -1, 120, 2147483647,
Black cavalier, -2147483742, -1, 120, 2147483647,
Kyatt legs, -2147483742, -1, 120, 2147483647,
Kyatt top, -2147483742, -1, 120, 2147483647,
Bronze trimmed set (lg), -2147483742, -1, 120, 2147483647,
Unblessed symbol, -2147483742, -1, 120, 2147483647,
Red cavalier, -2147483742, -1, 120, 2147483647,
Bandos page 2, -2147483742, -1, 120, 2147483647,
Plain pizza, -2147483742, -1, 120, 2147483647,
Unstrung emblem, -2147483742, -1, 120, 2147483647,
Bronze trimmed set (sk), -2147483742, -1, 120, 2147483647,
Saradomin page 4, -2147483742, 5, 120, 2147483647,
Saradomin page 2, -2147483742, -1, 120, 2147483647,
Maple shortbow (u), -2147483742, 10000, 120, 2147483647,
Barbed bolts, -2147483742, -1, 120, 2147483647,
Cavalier mask, -2147483742, -1, 120, 2147483647,
Bronze gold-trimmed set (lg), -2147483742, 8, 120, 2147483647,
Bronze gold-trimmed set (sk), -2147483742, 8, 120, 2147483647,
Unpowered symbol, -2147483742, -1, 120, 2147483647,
Bandos page 3, -2147483742, -1, 120, 2147483647,
Bronze set (sk), -2147483742, -1, 120, 2147483647,
Bandos page 1, -2147483742, 10, 120, 2147483647,
Bandos page 4, -2147483742, -1, 120, 2147483647,
Arctic pyre logs, -2147483742, -1, 120, 2147483647,
Saradomin page 1, -2147483742, -1, 120, 2147483647,
White magic staff, -2147483742, -1, 120, 2147483647,
Premade t'd batta, -2147483745, -1, 117, 2147483647,
Premade w'm batta, -2147483745, -1, 117, 2147483647,
Premade fr't batta, -2147483745, -1, 117, 2147483647,
Premade c+t batta, -2147483745, -1, 117, 2147483647,
Premade veg batta, -2147483745, -1, 117, 2147483647,
Kyatt fur, -2147483747, -1, 115, 2147483647,
Iron battleaxe, -2147483753, -1, 109, 2147483647,
Pirate's hat, -2147483754, -1, 108, 2147483647,
Steel claws, -2147483757, -1, 105, 2147483647,
Iron warhammer, -2147483759, -1, 103, 2147483647,
Iron sq shield, -2147483762, -1, 100, 2147483647,
Yew stock, -2147483762, -1, 100, 2147483647,
Spiky vambraces, -2147483766, -1, 96, 2147483647,
Kebbit teeth, -2147483766, -1, 96, 2147483647,
Bronze platebody, -2147483766, -1, 96, 2147483647,
Adamant javelin, -2147483766, -1, 96, 2147483647,
Willow longbow (u), -2147483766, -1, 96, 2147483647,
Kebbit teeth dust, -2147483766, -1, 96, 2147483647,
Iron crossbow, -2147483768, -1, 94, 2147483647,
Raw admiral pie, -2147483769, -1, 93, 2147483647,
Blamish blue shell, -2147483772, -1, 90, 2147483647,
Cooked jubbly, -2147483772, -1, 90, 2147483647,
Graahk legs, -2147483772, -1, 90, 2147483647,
Slayer bell, -2147483772, -1, 90, 2147483647,
Blamish red shell, -2147483772, -1, 90, 2147483647,
Blamish bark shell, -2147483772, -1, 90, 2147483647,
Steel studs, -2147483772, -1, 90, 2147483647,
Blamish myre shell, -2147483772, -1, 90, 2147483647,
Spotted kebbit fur, -2147483772, -1, 90, 2147483647,
Blamish ochre shell, -2147483772, -1, 90, 2147483647,
Graahk fur, -2147483776, -1, 86, 2147483647,
Tatty kyatt fur, -2147483776, -1, 86, 2147483647,
Iron longsword, -2147483778, -1, 84, 2147483647,
Mahogany stock, -2147483783, -1, 79, 2147483647,
Diamond bolt tips, -2147483783, 11000, 79, 2147483647,
Ruby bolts, -2147483787, 10000, 75, 2147483647,
Steel dagger, -2147483787, 125, 75, 2147483647,
Iron crossbow (u), -2147483789, -1, 73, 2147483647,
Raw rainbow fish, -2147483790, -1, 72, 2147483647,
Hair, -2147483790, -1, 72, 2147483647,
Tuna and corn, -2147483795, -1, 67, 2147483647,
Oyster pearl, -2147483795, -1, 67, 2147483647,
Tatty graahk fur, -2147483798, -1, 64, 2147483647,
Chopped tuna, -2147483800, -1, 62, 2147483647,
Cured yak-hide, -2147483802, -1, 60, 2147483647,
Water tiara, -2147483802, -1, 60, 2147483647,
Pirate bandana, -2147483802, -1, 60, 2147483647,
Nature tiara, -2147483802, -1, 60, 2147483647,
Earth tiara, -2147483802, -1, 60, 2147483647,
Chaos tiara, -2147483802, -1, 60, 2147483647,
Teak pyre logs, -2147483802, -1, 60, 2147483647,
Larupia top, -2147483802, -1, 60, 2147483647,
Hat eyepatch, -2147483802, -1, 60, 2147483647,
Orange salamander, -2147483802, -1, 60, 2147483647,
Larupia legs, -2147483802, -1, 60, 2147483647,
Giant frog legs, -2147483802, -1, 60, 2147483647,
Ogre coffin key, -2147483802, -1, 60, 2147483647,
Villager sandals, -2147483802, -1, 60, 2147483647,
Mind tiara, -2147483802, -1, 60, 2147483647,
Raw jubbly, -2147483802, -1, 60, 2147483647,
Fish pie, -2147483802, -1, 60, 2147483647,
Maple stock, -2147483802, -1, 60, 2147483647,
Adamant brutal, -2147483805, -1, 57, 2147483647,
Barb bolttips, -2147483805, -1, 57, 2147483647,
Larupia fur, -2147483805, -1, 57, 2147483647,
Kebbit spike, -2147483808, -1, 54, 2147483647,
Garden pie, -2147483808, -1, 54, 2147483647,
Iron hasta, -2147483808, -1, 54, 2147483647,
Raw wild pie, -2147483808, -1, 54, 2147483647,
Oil lantern frame, -2147483808, -1, 54, 2147483647,
Red dragon leather, -2147483808, -1, 54, 2147483647,
Iron spear, -2147483808, -1, 54, 2147483647,
Bronze platelegs (g), -2147483814, -1, 48, 2147483647,
Red beret, -2147483814, -1, 48, 2147483647,
Blue beret, -2147483814, -1, 48, 2147483647,
Premade w'm crun', -2147483814, -1, 48, 2147483647,
Bronze plateskirt (t), -2147483814, -1, 48, 2147483647,
Black beret, -2147483814, -1, 48, 2147483647,
Bronze halberd, -2147483814, 15, 48, 2147483647,
Bronze platelegs (t), -2147483814, -1, 48, 2147483647,
Bronze plateskirt (g), -2147483814, -1, 48, 2147483647,
Premade t'd crunch, -2147483814, -1, 48, 2147483647,
Leaping sturgeon, -2147483817, -1, 45, 2147483647,
Tatty larupia fur, -2147483819, -1, 43, 2147483647,
Crossbow, -2147483820, -1, 42, 2147483647,
Dwarf weed, -2147483820, 2000, 42, 2147483647,
Raw summer pie, -2147483820, -1, 42, 2147483647,
Mithril thrownaxe, -2147483820, -1, 42, 2147483647,
Premade s'y crunch, -2147483820, -1, 42, 2147483647,
Iron limbs, -2147483820, -1, 42, 2147483647,
Premade ch' crunch, -2147483820, -1, 42, 2147483647,
Chocolate cake, -2147483820, -1, 42, 2147483647,
Combat potion set, -2147483820, -1, 42, 2147483647,
Steel knife, -2147483822, 7000, 40, 2147483647,
Mithril javelin, -2147483824, -1, 38, 2147483647,
Raw bird meat, -2147483825, -1, 37, 2147483647,
Iron mace, -2147483825, -1, 37, 2147483647,
Flattened hide, -2147483826, -1, 36, 2147483647,
Ribcage piece, -2147483826, -1, 36, 2147483647,
Circular hide, -2147483826, -1, 36, 2147483647,
Rock-shell chunk, -2147483826, -1, 36, 2147483647,
Skull piece, -2147483826, -1, 36, 2147483647,
Rock-shell splinter, -2147483826, -1, 36, 2147483647,
Rock-shell shard, -2147483826, -1, 36, 2147483647,
Cleaning cloth, -2147483826, -1, 36, 2147483647,
Fibula piece, -2147483826, -1, 36, 2147483647,
Thin snail, -2147483826, -1, 36, 2147483647,
Stretched hide, -2147483826, -1, 36, 2147483647,
Dagannoth hide, -2147483826, -1, 36, 2147483647,
Bronze warhammer, -2147483826, -1, 36, 2147483647,
Pirate's hook, -2147483827, -1, 35, 2147483647,
Calquat fruit, -2147483830, -1, 32, 2147483647,
Mud pie, -2147483830, -1, 32, 2147483647,
Willow stock, -2147483831, -1, 31, 2147483647,
Bronze battleaxe, -2147483831, -1, 31, 2147483647,
Topaz bolt tips, -2147483832, -1, 30, 2147483647,
Yak-hide, -2147483832, -1, 30, 2147483647,
Earth impling jar, -2147483832, -1, 30, 2147483647,
Blue dragon scale, -2147483832, -1, 30, 2147483647,
Raw fish pie, -2147483832, -1, 30, 2147483647,
Spider on stick, -2147483832, -1, 30, 2147483647,
Casket, -2147483832, -1, 30, 2147483647,
Caviar, -2147483832, -1, 30, 2147483647,
Cooked crab meat, -2147483832, -1, 30, 2147483647,
Egg whisk, -2147483832, -1, 30, 2147483647,
Dragon impling jar, -2147483832, 500, 30, 2147483647,
Swamp lizard, -2147483832, -1, 30, 2147483647,
Meat pizza, -2147483832, -1, 30, 2147483647,
Iron claws, -2147483832, -1, 30, 2147483647,
Ninja impling jar, -2147483832, 150, 30, 2147483647,
Leaping salmon, -2147483832, -1, 30, 2147483647,
Lava scale, -2147483832, -1, 30, 2147483647,
Unfinished broad bolts, -2147483832, 7000, 30, 2147483647,
Broad arrowheads, -2147483832, -1, 30, 2147483647,
Young impling jar, -2147483832, -1, 30, 2147483647,
Bronze sq shield, -2147483833, -1, 29, 2147483647,
Avantoe potion (unf), -2147483834, 10000, 28, 2147483647,
Mushroom potato, -2147483835, -1, 27, 2147483647,
Sliced mushrooms, -2147483837, -1, 25, 2147483647,
Bronze full helm (g), -2147483837, -1, 25, 2147483647,
Fried mushrooms, -2147483837, -1, 25, 2147483647,
Bronze full helm (t), -2147483837, -1, 25, 2147483647,
Kebbit claws, -2147483837, -1, 25, 2147483647,
Bronze crossbow (u), -2147483838, -1, 24, 2147483647,
Blue headband, -2147483838, -1, 24, 2147483647,
Red headband, -2147483838, -1, 24, 2147483647,
Desert robe, -2147483838, -1, 24, 2147483647,
Pink headband, -2147483838, -1, 24, 2147483647,
Sapphire bolts (e), -2147483838, -1, 24, 2147483647,
Highwayman mask, -2147483838, -1, 24, 2147483647,
White headband, -2147483838, -1, 24, 2147483647,
Brown headband, -2147483838, -1, 24, 2147483647,
Oak pyre logs, -2147483838, -1, 24, 2147483647,
Red dragonhide, -2147483838, 10000, 24, 2147483647,
Machete, -2147483838, -1, 24, 2147483647,
Green headband, -2147483838, -1, 24, 2147483647,
Spider on shaft, -2147483838, -1, 24, 2147483647,
Gold headband, -2147483838, -1, 24, 2147483647,
Bronze longsword, -2147483838, -1, 24, 2147483647,
Adamant arrowtips, -2147483838, -1, 24, 2147483647,
Desert shirt, -2147483838, -1, 24, 2147483647,
Steel javelin, -2147483840, -1, 22, 2147483647,
Barb-tail harpoon, -2147483841, -1, 21, 2147483647,
Sapphire bolts, -2147483841, -1, 21, 2147483647,
Black brutal, -2147483841, -1, 21, 2147483647,
Snake hide, -2147483841, -1, 21, 2147483647,
Arctic pine logs, -2147483841, -1, 21, 2147483647,
Wrapped oomlie, -2147483841, -1, 21, 2147483647,
Wooden spoon, -2147483841, -1, 21, 2147483647,
Emerald bolt tips, -2147483843, -1, 19, 2147483647,
Long kebbit bolts, -2147483844, -1, 18, 2147483647,
Strung rabbit foot, -2147483844, -1, 18, 2147483647,
Brass necklace, -2147483844, 150, 18, 2147483647,
Short green guy, -2147483844, -1, 18, 2147483647,
Mith grapple, -2147483844, -1, 18, 2147483647,
Premade wiz blz'd, -2147483844, -1, 18, 2147483647,
Premade dr' dragon, -2147483844, -1, 18, 2147483647,
Premade p' punch, -2147483844, -1, 18, 2147483647,
Golden statuette, -2147483844, -1, 18, 2147483647,
Fat snail meat, -2147483844, -1, 18, 2147483647,
Apple pie, -2147483844, -1, 18, 2147483647,
Shade robe, -2147483844, -1, 18, 2147483647,
Drunk dragon, -2147483844, -1, 18, 2147483647,
Premade sgg, -2147483844, -1, 18, 2147483647,
Rabbit foot, -2147483844, -1, 18, 2147483647,
Druid's robe, -2147483844, -1, 18, 2147483647,
Premade fr' blast, -2147483844, -1, 18, 2147483647,
Pumpkin, -2147483844, 100, 18, 2147483647,
Golden scarab, -2147483844, -1, 18, 2147483647,
Pineapple punch, -2147483844, -1, 18, 2147483647,
Choc-ice, -2147483844, -1, 18, 2147483647,
Premade choc s'dy, -2147483844, -1, 18, 2147483647,
Mith grapple tip, -2147483844, -1, 18, 2147483647,
Oak stock, -2147483846, -1, 16, 2147483647,
Raw mud pie, -2147483846, -1, 16, 2147483647,
Desert robes, -2147483847, -1, 15, 2147483647,
Cod, -2147483847, -1, 15, 2147483647,
Leaping trout, -2147483847, -1, 15, 2147483647,
Desert legs, -2147483847, -1, 15, 2147483647,
Bronze hasta, -2147483847, -1, 15, 2147483647,
Pike, -2147483847, -1, 15, 2147483647,
Gardening boots, -2147483847, -1, 15, 2147483647,
Ale yeast, -2147483847, -1, 15, 2147483647,
Raw mackerel, -2147483847, -1, 15, 2147483647,
Roast beast meat, -2147483847, -1, 15, 2147483647,
Raw beast meat, -2147483847, -1, 15, 2147483647,
Triangle sandwich, -2147483847, -1, 15, 2147483647,
Torstol potion (unf), -2147483847, 2000, 15, 2147483647,
Bolt mould, -2147483847, -1, 15, 2147483647,
Bronze boots, -2147483848, -1, 14, 2147483647,
Shortbow (u), -2147483849, -1, 13, 2147483647,
Raw rabbit, -2147483850, -1, 12, 2147483647,
Polar camo legs, -2147483850, -1, 12, 2147483647,
Lava scale shard, -2147483850, -1, 12, 2147483647,
Wooden stock, -2147483850, -1, 12, 2147483647,
Topaz bolts (e), -2147483850, -1, 12, 2147483647,
Roast rabbit, -2147483850, 6000, 12, 2147483647,
Stripy feather, -2147483850, 8000, 12, 2147483647,
Desert camo legs, -2147483850, -1, 12, 2147483647,
Steel brutal, -2147483850, -1, 12, 2147483647,
Bronze limbs, -2147483850, -1, 12, 2147483647,
Roe, -2147483850, -1, 12, 2147483647,
Desert devil fur, -2147483850, -1, 12, 2147483647,
Poison chalice, -2147483850, -1, 12, 2147483647,
Lean snail meat, -2147483850, -1, 12, 2147483647,
Elemental helmet, -2147483850, -1, 12, 2147483647,
Topaz bolts, -2147483850, -1, 12, 2147483647,
Willow pyre logs, -2147483850, -1, 12, 2147483647,
Thatch spar dense, -2147483850, -1, 12, 2147483647,
Curry, -2147483850, -1, 12, 2147483647,
Desert camo top, -2147483850, -1, 12, 2147483647,
Wood camo legs, -2147483850, -1, 12, 2147483647,
Bronze mace, -2147483852, -1, 10, 2147483647,
Sapphire bolt tips, -2147483852, -1, 10, 2147483647,
Roast bird meat, -2147483852, -1, 10, 2147483647,
Mackerel, -2147483852, -1, 10, 2147483647,
Rabbit snare, -2147483852, -1, 10, 2147483647,
White firelighter, -2147483853, -1, 9, 2147483647,
Raw anchovies, -2147483853, 13000, 9, 2147483647,
Black wizard robe (t), -2147483853, -1, 9, 2147483647,
Watermelon slice, -2147483853, -1, 9, 2147483647,
Purple sweets, -2147483853, 10000, 9, 2147483647,
Blue wizard robe (t), -2147483853, -1, 9, 2147483647,
Mithril arrowtips, -2147483853, 10000, 9, 2147483647,
Cave eel, -2147483853, -1, 9, 2147483647,
Thatch spar med, -2147483853, -1, 9, 2147483647,
Uncooked apple pie, -2147483853, -1, 9, 2147483647,
Red firelighter, -2147483853, -1, 9, 2147483647,
Fat snail, -2147483853, -1, 9, 2147483647,
Feldip weasel fur, -2147483853, -1, 9, 2147483647,
Bronze claws, -2147483853, -1, 9, 2147483647,
Blue firelighter, -2147483853, -1, 9, 2147483647,
Purple firelighter, -2147483853, -1, 9, 2147483647,
Orange feather, -2147483853, -1, 9, 2147483647,
Pot lid, -2147483853, -1, 9, 2147483647,
Blue feather, -2147483853, 8000, 9, 2147483647,
Common kebbit fur, -2147483854, -1, 8, 2147483647,
Bronze knife, -2147483854, -1, 8, 2147483647,
Raw garden pie, -2147483855, -1, 7, 2147483647,
Pearl bolt tips, -2147483855, -1, 7, 2147483647,
Chilli con carne, -2147483855, -1, 7, 2147483647,
Apple mush, -2147483855, -1, 7, 2147483647,
Pearl bolts, -2147483855, -1, 7, 2147483647,
Egg and tomato, -2147483855, -1, 7, 2147483647,
Chilli potato, -2147483855, -1, 7, 2147483647,
Yellow feather, -2147483855, -1, 7, 2147483647,
Mithril dart tip, -2147483855, 13000, 7, 2147483647,
Egg potato, -2147483855, -1, 7, 2147483647,
Desert goat horn, -2147483855, 13000, 7, 2147483647,
Black nails, -2147483855, -1, 7, 2147483647,
Iron thrownaxe, -2147483855, -1, 7, 2147483647,
Jade bolt tips, -2147483856, -1, 6, 2147483647,
Lean snail, -2147483856, -1, 6, 2147483647,
Raw sardine, -2147483856, -1, 6, 2147483647,
Krandorian hops, -2147483856, -1, 6, 2147483647,
Pitta bread, -2147483856, -1, 6, 2147483647,
Thin snail meat, -2147483856, -1, 6, 2147483647,
Fur, -2147483856, -1, 6, 2147483647,
Toy doll, -2147483856, -1, 6, 2147483647,
Bronze dagger, -2147483856, -1, 6, 2147483647,
Ivory comb, -2147483856, -1, 6, 2147483647,
Batta tin, -2147483856, -1, 6, 2147483647,
Red feather, -2147483856, -1, 6, 2147483647,
Thatch spar light, -2147483856, -1, 6, 2147483647,
Bear fur, -2147483856, -1, 6, 2147483647,
Candle lantern, -2147483856, -1, 6, 2147483647,
Sickle mould, -2147483856, -1, 6, 2147483647,
Airtight pot, -2147483856, -1, 6, 2147483647,
Toy soldier, -2147483856, -1, 6, 2147483647,
Cup of hot water, -2147483856, -1, 6, 2147483647,
Gnomebowl mould, -2147483856, -1, 6, 2147483647,
Crunchy tray, -2147483856, -1, 6, 2147483647,
Raw oomlie, -2147483856, -1, 6, 2147483647,
Toy cat, -2147483856, -1, 6, 2147483647,
Cooked sweetcorn, -2147483857, -1, 5, 2147483647,
Kebab mix, -2147483857, -1, 5, 2147483647,
Spicy sauce, -2147483857, -1, 5, 2147483647,
Sweetcorn, -2147483857, -1, 5, 2147483647,
Uncooked meat pie, -2147483858, -1, 4, 2147483647,
Smoke rune, -2147483858, 12000, 4, 2147483647,
Opal bolts (e), -2147483858, -1, 4, 2147483647,
Opal bolts, -2147483858, -1, 4, 2147483647,
Toy mouse, -2147483858, -1, 4, 2147483647,
Scrambled egg, -2147483858, -1, 4, 2147483647,
Steam rune, -2147483858, 12000, 4, 2147483647,
Fried onions, -2147483858, -1, 4, 2147483647,
Uncooked egg, -2147483858, -1, 4, 2147483647,
Chopped garlic, -2147483858, -1, 4, 2147483647,
Potato with butter, -2147483858, -1, 4, 2147483647,
Pyre logs, -2147483858, -1, 4, 2147483647,
Uncooked berry pie, -2147483859, -1, 3, 2147483647,
White gloves, -2147483859, 100, 3, 2147483647,
Bronze javelin, -2147483859, -1, 3, 2147483647,
Bronze brutal, -2147483859, -1, 3, 2147483647,
Citizen trousers, -2147483859, -1, 3, 2147483647,
Pie recipe book, -2147483859, -1, 3, 2147483647,
Karambwan vessel, -2147483859, -1, 3, 2147483647,
Brandy, -2147483859, -1, 3, 2147483647,
Gin, -2147483859, -1, 3, 2147483647,
Iron javelin, -2147483859, -1, 3, 2147483647,
Citizen shoes, -2147483859, -1, 3, 2147483647,
Silver bolts, -2147483859, -1, 3, 2147483647,
Proboscis, -2147483859, 100, 3, 2147483647,
Opal bolt tips, -2147483859, -1, 3, 2147483647,
Asgarnian hops, -2147483859, -1, 3, 2147483647,
Holy mould, -2147483859, -1, 3, 2147483647,
Citizen top, -2147483859, -1, 3, 2147483647,
Whisky, -2147483859, -1, 3, 2147483647,
Moonlight mead, -2147483859, -1, 3, 2147483647,
Ugthanki meat, -2147483859, -1, 3, 2147483647,
Barley, -2147483860, -1, 2, 2147483647,
Water talisman, -2147483860, -1, 2, 2147483647,
Hammerstone hops, -2147483860, -1, 2, 2147483647,
Bronze thrownaxe, -2147483860, -1, 2, 2147483647,
Nature talisman, -2147483860, -1, 2, 2147483647,
Bread dough, -2147483860, -1, 2, 2147483647,
Cosmic talisman, -2147483860, 5000, 2, 2147483647,
Baked potato, -2147483860, -1, 2, 2147483647,
Pat of butter, -2147483860, -1, 2, 2147483647,
Blue wizard hat (t), -2147483861, -1, 1, 2147483647,
Spicy tomato, -2147483861, -1, 1, 2147483647,
Grog, -2147483861, -1, 1, 2147483647,
Orange chunks, -2147483861, -1, 1, 2147483647,
Chopped onion, -2147483861, -1, 1, 2147483647,
Cocktail guide, -2147483861, -1, 1, 2147483647,
Bob's black shirt, -2147483861, -1, 1, 2147483647,
Security book, -2147483861, -1, 1, 2147483647,
Mature cider, -2147483861, -1, 1, 2147483647,
Lemon, -2147483861, -1, 1, 2147483647,
Vegetable batta, -2147483861, -1, 1, 2147483647,
Toad's legs, -2147483861, -1, 1, 2147483647,
Cheese+tom batta, -2147483861, -1, 1, 2147483647,
King worm, -2147483861, -1, 1, 2147483647,
Bob's blue shirt, -2147483861, -1, 1, 2147483647,
Spicy crunchies, -2147483861, -1, 1, 2147483647,
Blue skirt (g), -2147483861, -1, 1, 2147483647,
Dark fishing bait, -2147483861, 8000, 1, 2147483647,
Chocolate bomb, -2147483861, -1, 1, 2147483647,
Sinew, -2147483861, -1, 1, 2147483647,
Body rune, -2147483861, 12000, 1, 2147483647,
Bob's green shirt, -2147483861, -1, 1, 2147483647,
Dwarven stout, -2147483861, -1, 1, 2147483647,
Gianne's cook book, -2147483861, -1, 1, 2147483647,
Wolfbone arrowtips, -2147483861, -1, 1, 2147483647,
Cocktail shaker, -2147483861, -1, 1, 2147483647,
Toad crunchies, -2147483861, -1, 1, 2147483647,
Raw yak meat, -2147483861, -1, 1, 2147483647,
Slayer's respite, -2147483861, -1, 1, 2147483647,
Black wizard hat (t), -2147483861, -1, 1, 2147483647,
Chocchip crunchies, -2147483861, -1, 1, 2147483647,
Worm crunchies, -2147483861, -1, 1, 2147483647,
Mature wmb, -2147483861, -1, 1, 2147483647,
Super kebab, -2147483861, -1, 1, 2147483647,
Rosemary, -2147483861, -1, 1, 2147483647,
Dragon bitter, -2147483861, -1, 1, 2147483647,
Toad batta, -2147483861, -1, 1, 2147483647,
Veg ball, -2147483861, -1, 1, 2147483647,
Bob's red shirt, -2147483861, -1, 1, 2147483647,
Cider, -2147483861, -1, 1, 2147483647,
Lime slices, -2147483861, -1, 1, 2147483647,
Chopped tomato, -2147483861, -1, 1, 2147483647,
Blue skirt (t), -2147483861, -1, 1, 2147483647,
Fruit batta, -2147483861, -1, 1, 2147483647,
Axeman's folly, -2147483861, -1, 1, 2147483647,
Gianne dough, -2147483861, -1, 1, 2147483647,
Swamp weed, -2147483861, -1, 1, 2147483647,
Lime, -2147483861, -1, 1, 2147483647,
Bob's purple shirt, -2147483861, -1, 1, 2147483647,
Shrunk ogleroot, -2147483861, -1, 1, 2147483647,
Black skirt, -2147483861, -1, 1, 2147483647,
Lemon slices, -2147483861, -1, 1, 2147483647,
Orange slices, -2147483861, -1, 1, 2147483647,
Stronghold notes, -2147483861, -1, 1, 2147483647,
Gnome spice, -2147483861, -1, 1, 2147483647,
Staff of the dead, -9223372036854176019, -1, 600003, 9223372036854775807,
Zamorakian hasta, -9223372036854596022, -1, 180000, 9223372036854775807,
Abyssal whip, -9223372036854704022, -1, 72000, 9223372036854775807,
Pegasian boots, -9223372036854731022, -1, 45000, 9223372036854775807,
Primordial boots, -9223372036854731022, -1, 45000, 9223372036854775807,
Rune plateskirt (t), -9223372036854737622, -1, 38400, 9223372036854775807,
Rune plateskirt (g), -9223372036854737622, -1, 38400, 9223372036854775807,
Amulet of the damned, -9223372036854741222, -1, 34800, 9223372036854775807,
Smouldering stone, -9223372036854749022, -1, 27000, 9223372036854775807,
Dragon boots, -9223372036854764022, -1, 12000, 9223372036854775807,
Amulet of glory, -9223372036854765447, -1, 10575, 9223372036854775807,
Guthix dragonhide, -9223372036854768222, 8, 7800, 9223372036854775807,
Dragon plate/skirt ornament kit, -9223372036854773022, -1, 3000, 9223372036854775807,
Maple blackjack (d), -9223372036854775062, -1, 960, 9223372036854775807,
Maple blackjack (o), -9223372036854775062, -1, 960, 9223372036854775807,
Hunter's crossbow, -9223372036854775242, -1, 780, 9223372036854775807,
Dragon bolts (e), -9223372036854775385, 11000, 637, 9223372036854775807,
Willow blackjack (o), -9223372036854775542, -1, 480, 9223372036854775807,
Willow blackjack (d), -9223372036854775542, -1, 480, 9223372036854775807,
Yak-hide armour (top), -9223372036854775722, -1, 300, 9223372036854775807,
Mages' book, -9223372036854775722, -1, 300, 9223372036854775807,
Oak blackjack (o), -9223372036854775782, -1, 240, 9223372036854775807,
Oak blackjack (d), -9223372036854775782, -1, 240, 9223372036854775807,
Dwarven stout (m), -9223372036854775808, -1, 1, 9223372036854775807,
Dragon bolt tips, -9223372036854775808, -1, 36, 9223372036854775807,
Wizard robe (blue), -9223372036854775808, -1, 9, 9223372036854775807,
Vampire dust, -9223372036854775808, -1, 1, 9223372036854775807,
Lit bug lantern, -9223372036854775808, -1, 78, 9223372036854775807,
Eye patch, -9223372036854775808, -1, 1, 9223372036854775807,
Face mask, -9223372036854775808, -1, 120, 9223372036854775807,

